Time,Well 101,Well 102,Well 103,Well 104,Well 105,Well 106,Well 107,Well 108,Well 109,Well 110,Well 111,Well 112,Well 113,Well 114,Well 115,Well 116,Well 117,Well 118,Well 119,Well 120
00:00:14,1.369,0.758,0.41,0.238,0.187,0.093,0.095,0.093,0.095,0.095,1.433,0.828,0.465,0.287,0.191,0.096,0.094,0.093,0.094,0.097
00:02:16,1.358,0.765,0.421,0.239,0.187,0.092,0.094,0.093,0.094,0.094,1.427,0.831,0.465,0.287,0.191,0.094,0.092,0.092,0.093,0.096
00:04:16,1.338,0.715,0.391,0.226,0.178,0.092,0.094,0.092,0.094,0.093,1.393,0.801,0.452,0.28,0.185,0.094,0.092,0.092,0.093,0.096
00:06:17,1.3,0.712,0.389,0.226,0.178,0.092,0.093,0.092,0.093,0.093,1.383,0.797,0.448,0.279,0.184,0.094,0.092,0.092,0.093,0.096
00:08:17,1.298,0.715,0.389,0.225,0.179,0.092,0.093,0.092,0.093,0.093,1.383,0.801,0.448,0.278,0.184,0.094,0.092,0.092,0.093,0.096
00:10:17,1.3,0.713,0.388,0.224,0.178,0.092,0.093,0.092,0.093,0.093,1.383,0.796,0.448,0.278,0.183,0.094,0.092,0.092,0.092,0.096
00:12:17,1.302,0.719,0.392,0.225,0.178,0.092,0.093,0.092,0.093,0.093,1.383,0.795,0.447,0.278,0.183,0.094,0.092,0.092,0.092,0.096
00:14:17,1.306,0.723,0.392,0.227,0.179,0.092,0.093,0.092,0.093,0.093,1.377,0.794,0.449,0.278,0.183,0.094,0.092,0.092,0.093,0.095
00:16:17,1.294,0.734,0.414,0.236,0.185,0.092,0.093,0.092,0.094,0.093,1.377,0.804,0.454,0.281,0.186,0.094,0.092,0.092,0.092,0.095
00:18:17,1.302,0.729,0.413,0.236,0.185,0.092,0.093,0.092,0.093,0.093,1.372,0.8,0.454,0.281,0.187,0.094,0.092,0.092,0.092,0.095
00:20:17,1.304,0.723,0.414,0.231,0.183,0.092,0.093,0.092,0.093,0.093,1.375,0.811,0.457,0.282,0.185,0.094,0.092,0.092,0.092,0.095
00:22:17,1.306,0.722,0.418,0.233,0.185,0.092,0.093,0.092,0.093,0.093,1.381,0.811,0.457,0.281,0.186,0.094,0.092,0.092,0.093,0.095
00:24:17,1.306,0.715,0.417,0.234,0.187,0.092,0.093,0.092,0.093,0.093,1.383,0.8,0.454,0.281,0.186,0.093,0.092,0.092,0.092,0.095
00:26:17,1.314,0.713,0.418,0.236,0.188,0.092,0.093,0.092,0.093,0.093,1.389,0.8,0.455,0.281,0.187,0.094,0.092,0.092,0.092,0.095
00:28:17,1.316,0.709,0.417,0.234,0.188,0.092,0.093,0.092,0.093,0.093,1.391,0.797,0.455,0.281,0.187,0.093,0.092,0.092,0.092,0.095
00:30:17,1.32,0.708,0.418,0.236,0.188,0.092,0.093,0.092,0.093,0.092,1.393,0.798,0.453,0.279,0.186,0.093,0.092,0.091,0.092,0.095
00:32:17,1.326,0.709,0.419,0.237,0.189,0.092,0.093,0.092,0.093,0.093,1.399,0.798,0.456,0.28,0.187,0.094,0.092,0.091,0.092,0.095
00:34:17,1.326,0.709,0.419,0.238,0.189,0.092,0.093,0.092,0.093,0.093,1.399,0.8,0.456,0.28,0.187,0.094,0.092,0.092,0.092,0.095
00:36:17,1.322,0.706,0.418,0.238,0.189,0.092,0.093,0.092,0.093,0.093,1.397,0.797,0.456,0.28,0.186,0.094,0.092,0.091,0.092,0.096
00:38:17,1.324,0.706,0.414,0.237,0.189,0.092,0.093,0.092,0.093,0.093,1.399,0.795,0.454,0.28,0.186,0.094,0.092,0.092,0.092,0.096
00:40:17,1.328,0.708,0.414,0.237,0.189,0.092,0.093,0.092,0.093,0.093,1.399,0.795,0.455,0.28,0.186,0.094,0.092,0.092,0.092,0.095
00:42:17,1.326,0.707,0.414,0.236,0.188,0.092,0.093,0.092,0.093,0.093,1.399,0.792,0.454,0.279,0.185,0.093,0.092,0.091,0.092,0.095
00:44:17,1.324,0.702,0.411,0.237,0.189,0.092,0.093,0.092,0.093,0.093,1.397,0.789,0.453,0.279,0.186,0.093,0.092,0.091,0.092,0.095
00:46:17,1.324,0.705,0.411,0.236,0.189,0.092,0.093,0.092,0.093,0.093,1.397,0.789,0.455,0.279,0.185,0.094,0.092,0.092,0.092,0.095
00:48:17,1.324,0.7,0.409,0.236,0.189,0.092,0.093,0.093,0.094,0.093,1.397,0.787,0.452,0.279,0.186,0.094,0.092,0.092,0.093,0.096
00:50:17,1.32,0.699,0.409,0.236,0.19,0.092,0.093,0.092,0.093,0.093,1.397,0.789,0.451,0.278,0.185,0.094,0.092,0.091,0.092,0.095
00:52:17,1.326,0.704,0.409,0.236,0.19,0.092,0.093,0.092,0.094,0.093,1.397,0.789,0.453,0.278,0.186,0.094,0.092,0.092,0.093,0.095
00:54:17,1.322,0.699,0.407,0.236,0.19,0.092,0.093,0.092,0.093,0.093,1.397,0.785,0.451,0.279,0.185,0.094,0.092,0.092,0.093,0.095
00:56:17,1.32,0.7,0.407,0.235,0.189,0.092,0.093,0.092,0.093,0.093,1.397,0.787,0.45,0.277,0.185,0.094,0.092,0.092,0.092,0.095
00:58:17,1.318,0.695,0.405,0.237,0.191,0.092,0.094,0.092,0.093,0.093,1.395,0.783,0.449,0.278,0.185,0.094,0.092,0.092,0.092,0.095
01:00:17,1.318,0.696,0.406,0.236,0.189,0.092,0.093,0.092,0.094,0.093,1.395,0.783,0.449,0.278,0.186,0.094,0.092,0.092,0.092,0.095
01:02:17,1.314,0.699,0.405,0.238,0.191,0.092,0.093,0.092,0.093,0.093,1.395,0.785,0.45,0.278,0.186,0.094,0.092,0.092,0.093,0.095
01:04:17,1.314,0.697,0.404,0.237,0.189,0.092,0.093,0.092,0.093,0.093,1.395,0.784,0.449,0.277,0.184,0.093,0.092,0.091,0.092,0.095
01:06:17,1.312,0.699,0.404,0.238,0.19,0.092,0.093,0.092,0.093,0.093,1.393,0.784,0.449,0.278,0.185,0.094,0.092,0.092,0.092,0.095
01:08:17,1.31,0.699,0.404,0.238,0.19,0.092,0.093,0.092,0.093,0.093,1.393,0.783,0.448,0.278,0.184,0.093,0.092,0.092,0.092,0.095
01:10:17,1.308,0.699,0.402,0.237,0.191,0.092,0.093,0.092,0.093,0.093,1.393,0.781,0.448,0.277,0.185,0.093,0.092,0.092,0.092,0.095
01:12:17,1.308,0.699,0.403,0.236,0.194,0.092,0.093,0.092,0.093,0.093,1.391,0.781,0.447,0.278,0.185,0.094,0.092,0.092,0.092,0.095
01:14:17,1.304,0.691,0.398,0.238,0.194,0.092,0.093,0.092,0.093,0.093,1.389,0.778,0.448,0.277,0.185,0.094,0.092,0.092,0.092,0.095
01:16:17,1.304,0.694,0.4,0.238,0.191,0.092,0.093,0.092,0.093,0.093,1.389,0.779,0.448,0.277,0.185,0.093,0.092,0.092,0.092,0.095
01:18:17,1.298,0.69,0.402,0.238,0.191,0.092,0.093,0.092,0.093,0.093,1.385,0.777,0.448,0.276,0.184,0.094,0.092,0.092,0.092,0.096
01:20:17,1.296,0.693,0.399,0.238,0.191,0.092,0.093,0.092,0.093,0.093,1.387,0.78,0.448,0.277,0.185,0.093,0.092,0.092,0.092,0.095
01:22:17,1.296,0.691,0.393,0.236,0.191,0.092,0.093,0.092,0.093,0.093,1.387,0.776,0.447,0.278,0.185,0.092,0.092,0.092,0.093,0.095
01:24:17,1.294,0.69,0.393,0.239,0.191,0.092,0.093,0.092,0.093,0.093,1.385,0.776,0.447,0.277,0.185,0.094,0.092,0.092,0.092,0.095
01:26:17,1.292,0.687,0.393,0.238,0.191,0.092,0.094,0.092,0.093,0.093,1.385,0.773,0.447,0.277,0.186,0.094,0.092,0.092,0.093,0.095
01:28:17,1.292,0.687,0.393,0.238,0.192,0.092,0.093,0.092,0.094,0.093,1.385,0.776,0.447,0.277,0.185,0.094,0.092,0.092,0.093,0.095
01:30:17,1.292,0.688,0.39,0.239,0.193,0.092,0.093,0.092,0.094,0.093,1.387,0.774,0.446,0.277,0.185,0.094,0.092,0.092,0.092,0.095
01:32:17,1.288,0.686,0.389,0.239,0.193,0.092,0.094,0.092,0.094,0.093,1.385,0.775,0.446,0.277,0.185,0.094,0.092,0.092,0.093,0.095
01:34:16,1.284,0.688,0.389,0.239,0.192,0.092,0.094,0.092,0.094,0.093,1.383,0.776,0.447,0.277,0.186,0.094,0.092,0.092,0.093,0.096
01:36:16,1.284,0.687,0.388,0.239,0.194,0.092,0.093,0.092,0.093,0.093,1.381,0.775,0.446,0.277,0.185,0.094,0.092,0.092,0.093,0.095
01:38:17,1.28,0.688,0.394,0.24,0.192,0.092,0.093,0.092,0.094,0.093,1.379,0.775,0.446,0.277,0.185,0.094,0.092,0.092,0.093,0.095
01:40:17,1.278,0.686,0.385,0.237,0.192,0.092,0.093,0.092,0.093,0.093,1.377,0.773,0.444,0.277,0.184,0.093,0.092,0.092,0.092,0.095
01:42:17,1.278,0.688,0.384,0.238,0.193,0.092,0.093,0.092,0.093,0.093,1.377,0.774,0.445,0.277,0.184,0.093,0.092,0.092,0.092,0.095
01:44:17,1.276,0.687,0.384,0.237,0.193,0.092,0.093,0.092,0.093,0.093,1.375,0.773,0.443,0.278,0.185,0.094,0.092,0.092,0.093,0.095
01:46:17,1.272,0.687,0.391,0.238,0.193,0.092,0.093,0.092,0.093,0.093,1.373,0.773,0.445,0.277,0.184,0.094,0.092,0.092,0.093,0.096
01:48:17,1.274,0.683,0.382,0.238,0.192,0.092,0.093,0.092,0.093,0.093,1.374,0.771,0.443,0.278,0.184,0.094,0.092,0.092,0.092,0.095
01:50:17,1.27,0.682,0.382,0.238,0.192,0.092,0.093,0.092,0.093,0.093,1.372,0.769,0.444,0.278,0.184,0.093,0.092,0.092,0.092,0.095
01:52:17,1.268,0.687,0.381,0.239,0.193,0.092,0.094,0.093,0.094,0.093,1.372,0.771,0.444,0.277,0.185,0.094,0.093,0.092,0.093,0.096
01:54:17,1.266,0.684,0.379,0.238,0.191,0.092,0.093,0.092,0.093,0.093,1.371,0.77,0.443,0.277,0.184,0.094,0.092,0.092,0.092,0.095
01:56:17,1.264,0.687,0.386,0.239,0.192,0.092,0.093,0.092,0.093,0.093,1.368,0.771,0.444,0.276,0.183,0.094,0.092,0.092,0.093,0.095
01:58:17,1.264,0.683,0.378,0.239,0.192,0.092,0.093,0.092,0.093,0.093,1.371,0.772,0.444,0.278,0.185,0.094,0.092,0.092,0.092,0.095
02:00:17,1.264,0.678,0.377,0.238,0.192,0.092,0.093,0.092,0.093,0.093,1.368,0.766,0.442,0.277,0.184,0.094,0.092,0.091,0.092,0.095
02:02:17,1.262,0.681,0.379,0.239,0.191,0.092,0.093,0.092,0.093,0.093,1.368,0.768,0.442,0.278,0.184,0.093,0.092,0.092,0.092,0.095
02:04:17,1.26,0.682,0.377,0.239,0.191,0.092,0.093,0.092,0.093,0.093,1.366,0.769,0.442,0.277,0.184,0.094,0.092,0.092,0.092,0.095
02:06:17,1.258,0.683,0.376,0.239,0.192,0.092,0.094,0.092,0.093,0.093,1.364,0.768,0.442,0.277,0.184,0.094,0.092,0.092,0.092,0.095
02:08:17,1.258,0.68,0.375,0.237,0.191,0.092,0.093,0.092,0.093,0.093,1.362,0.767,0.441,0.276,0.184,0.093,0.092,0.092,0.092,0.095
02:10:17,1.256,0.684,0.376,0.237,0.191,0.092,0.094,0.092,0.093,0.093,1.363,0.77,0.441,0.277,0.184,0.094,0.092,0.092,0.092,0.096
02:12:17,1.256,0.683,0.374,0.237,0.191,0.092,0.093,0.092,0.094,0.093,1.362,0.768,0.44,0.276,0.183,0.094,0.092,0.092,0.092,0.095
02:14:17,1.254,0.684,0.374,0.237,0.19,0.092,0.093,0.092,0.093,0.093,1.362,0.769,0.442,0.276,0.184,0.094,0.092,0.092,0.093,0.096
02:16:17,1.25,0.681,0.374,0.236,0.19,0.092,0.093,0.092,0.093,0.093,1.36,0.766,0.44,0.276,0.183,0.093,0.092,0.091,0.092,0.095
02:18:17,1.25,0.683,0.373,0.235,0.189,0.092,0.093,0.092,0.093,0.093,1.36,0.768,0.44,0.276,0.184,0.094,0.092,0.091,0.092,0.095
02:20:17,1.248,0.677,0.371,0.237,0.192,0.092,0.093,0.092,0.093,0.093,1.359,0.764,0.441,0.277,0.184,0.094,0.092,0.092,0.093,0.096
02:22:17,1.245,0.677,0.371,0.235,0.19,0.092,0.093,0.092,0.093,0.093,1.356,0.764,0.439,0.276,0.183,0.094,0.092,0.092,0.092,0.095
02:24:17,1.247,0.683,0.371,0.236,0.191,0.092,0.093,0.092,0.093,0.093,1.355,0.765,0.441,0.276,0.184,0.094,0.092,0.092,0.092,0.095
02:26:17,1.247,0.681,0.371,0.234,0.19,0.092,0.093,0.092,0.093,0.093,1.356,0.766,0.439,0.276,0.184,0.093,0.092,0.092,0.093,0.095
02:28:17,1.247,0.679,0.37,0.235,0.192,0.092,0.093,0.092,0.093,0.093,1.355,0.765,0.438,0.276,0.183,0.094,0.092,0.092,0.092,0.095
02:30:17,1.245,0.679,0.369,0.234,0.19,0.092,0.093,0.092,0.093,0.093,1.353,0.762,0.439,0.276,0.183,0.093,0.092,0.092,0.092,0.095
02:32:17,1.243,0.681,0.369,0.235,0.192,0.092,0.093,0.092,0.093,0.093,1.353,0.763,0.438,0.275,0.183,0.093,0.092,0.092,0.092,0.095
02:34:17,1.235,0.676,0.369,0.237,0.193,0.092,0.094,0.092,0.094,0.093,1.347,0.763,0.44,0.276,0.183,0.094,0.092,0.092,0.093,0.095
02:36:17,1.236,0.679,0.368,0.235,0.19,0.092,0.093,0.092,0.093,0.093,1.348,0.761,0.439,0.275,0.183,0.094,0.092,0.092,0.093,0.095
02:38:17,1.236,0.68,0.368,0.235,0.19,0.092,0.093,0.092,0.093,0.093,1.347,0.762,0.439,0.276,0.183,0.094,0.092,0.092,0.092,0.095
02:40:17,1.236,0.68,0.367,0.234,0.19,0.092,0.093,0.092,0.093,0.093,1.345,0.763,0.44,0.276,0.183,0.093,0.092,0.092,0.092,0.095
02:42:17,1.233,0.677,0.365,0.235,0.19,0.092,0.093,0.092,0.093,0.093,1.346,0.761,0.438,0.275,0.183,0.094,0.092,0.092,0.093,0.096
02:44:17,1.229,0.681,0.367,0.234,0.19,0.092,0.093,0.092,0.093,0.093,1.344,0.762,0.438,0.276,0.183,0.093,0.092,0.091,0.092,0.095
02:46:17,1.229,0.678,0.366,0.234,0.19,0.092,0.093,0.092,0.093,0.093,1.34,0.761,0.438,0.275,0.183,0.094,0.092,0.092,0.093,0.096
02:48:17,1.234,0.679,0.366,0.235,0.192,0.092,0.094,0.092,0.093,0.093,1.342,0.762,0.438,0.275,0.183,0.094,0.092,0.092,0.092,0.095
02:50:17,1.229,0.677,0.365,0.233,0.19,0.092,0.093,0.092,0.093,0.093,1.338,0.76,0.438,0.275,0.183,0.094,0.092,0.092,0.093,0.095
02:52:17,1.231,0.68,0.365,0.233,0.19,0.092,0.093,0.092,0.093,0.093,1.34,0.761,0.439,0.275,0.183,0.094,0.092,0.092,0.092,0.096
02:54:17,1.227,0.677,0.365,0.233,0.191,0.092,0.093,0.092,0.093,0.093,1.338,0.759,0.437,0.275,0.183,0.094,0.092,0.092,0.092,0.095
02:56:17,1.225,0.674,0.363,0.234,0.191,0.092,0.093,0.092,0.093,0.093,1.336,0.76,0.437,0.275,0.183,0.093,0.092,0.091,0.092,0.095
02:58:17,1.229,0.675,0.364,0.233,0.19,0.092,0.093,0.092,0.093,0.093,1.336,0.759,0.437,0.275,0.183,0.093,0.092,0.092,0.093,0.096
03:00:17,1.223,0.672,0.362,0.235,0.192,0.092,0.093,0.092,0.093,0.093,1.332,0.757,0.436,0.275,0.183,0.093,0.092,0.092,0.092,0.095
03:02:17,1.219,0.674,0.361,0.233,0.189,0.092,0.093,0.092,0.094,0.093,1.33,0.759,0.436,0.275,0.183,0.093,0.092,0.092,0.092,0.095
03:04:17,1.223,0.674,0.362,0.233,0.19,0.092,0.094,0.092,0.094,0.093,1.332,0.757,0.436,0.275,0.183,0.094,0.092,0.092,0.093,0.095
03:06:17,1.215,0.672,0.361,0.232,0.189,0.092,0.093,0.092,0.093,0.093,1.328,0.757,0.436,0.275,0.183,0.093,0.092,0.092,0.092,0.097
03:08:17,1.215,0.67,0.36,0.234,0.192,0.092,0.093,0.092,0.094,0.094,1.32,0.756,0.437,0.276,0.183,0.094,0.092,0.092,0.093,0.096
03:10:17,1.213,0.674,0.361,0.232,0.19,0.092,0.093,0.092,0.093,0.093,1.326,0.757,0.437,0.275,0.183,0.094,0.092,0.092,0.092,0.095
03:12:17,1.215,0.672,0.36,0.234,0.191,0.092,0.093,0.092,0.093,0.093,1.32,0.755,0.436,0.276,0.183,0.094,0.092,0.092,0.093,0.096
03:14:17,1.217,0.671,0.36,0.233,0.189,0.092,0.093,0.092,0.094,0.093,1.324,0.757,0.435,0.275,0.183,0.094,0.092,0.092,0.092,0.096
03:16:17,1.215,0.669,0.359,0.231,0.188,0.092,0.093,0.092,0.093,0.093,1.322,0.755,0.435,0.275,0.183,0.094,0.092,0.092,0.093,0.096
03:18:17,1.215,0.669,0.358,0.231,0.189,0.092,0.094,0.093,0.094,0.093,1.322,0.754,0.435,0.275,0.183,0.094,0.093,0.092,0.093,0.096
03:20:17,1.215,0.67,0.358,0.232,0.19,0.092,0.094,0.093,0.094,0.093,1.322,0.755,0.436,0.276,0.183,0.094,0.093,0.092,0.093,0.095
03:22:17,1.207,0.67,0.358,0.232,0.188,0.092,0.093,0.092,0.093,0.093,1.318,0.754,0.436,0.275,0.183,0.094,0.093,0.092,0.093,0.096
03:24:17,1.205,0.669,0.358,0.231,0.188,0.092,0.093,0.092,0.093,0.093,1.316,0.752,0.436,0.275,0.183,0.093,0.092,0.092,0.092,0.095
03:26:17,1.205,0.668,0.357,0.232,0.189,0.092,0.093,0.092,0.093,0.093,1.316,0.752,0.435,0.275,0.183,0.094,0.092,0.092,0.092,0.095
03:28:17,1.203,0.667,0.356,0.231,0.188,0.092,0.093,0.092,0.093,0.093,1.316,0.751,0.434,0.274,0.183,0.093,0.092,0.092,0.093,0.095
03:30:17,1.205,0.666,0.356,0.231,0.188,0.092,0.094,0.092,0.093,0.093,1.314,0.752,0.435,0.275,0.183,0.094,0.093,0.092,0.093,0.096
03:32:17,1.201,0.663,0.355,0.231,0.189,0.092,0.093,0.092,0.094,0.093,1.31,0.75,0.434,0.275,0.183,0.093,0.092,0.092,0.093,0.096
03:34:17,1.199,0.661,0.355,0.231,0.189,0.092,0.093,0.092,0.093,0.093,1.31,0.749,0.433,0.274,0.183,0.093,0.092,0.091,0.092,0.095
03:36:17,1.199,0.667,0.355,0.233,0.189,0.092,0.093,0.092,0.093,0.093,1.306,0.749,0.435,0.275,0.183,0.094,0.092,0.092,0.093,0.096
03:38:17,1.199,0.663,0.353,0.231,0.188,0.092,0.094,0.092,0.093,0.093,1.306,0.749,0.433,0.275,0.183,0.094,0.092,0.092,0.092,0.095
03:40:17,1.197,0.663,0.354,0.231,0.188,0.092,0.093,0.092,0.094,0.093,1.306,0.748,0.434,0.274,0.183,0.094,0.092,0.092,0.093,0.095
03:42:17,1.199,0.664,0.354,0.231,0.188,0.092,0.094,0.092,0.093,0.093,1.306,0.75,0.435,0.275,0.183,0.094,0.093,0.092,0.093,0.096
03:44:16,1.197,0.663,0.352,0.23,0.187,0.092,0.093,0.092,0.093,0.093,1.302,0.748,0.433,0.274,0.182,0.094,0.092,0.092,0.093,0.096
03:46:17,1.195,0.661,0.353,0.229,0.187,0.092,0.094,0.092,0.094,0.093,1.3,0.746,0.433,0.274,0.183,0.094,0.092,0.092,0.093,0.096
03:48:16,1.193,0.66,0.351,0.23,0.189,0.092,0.094,0.093,0.094,0.094,1.3,0.746,0.432,0.275,0.183,0.094,0.093,0.092,0.094,0.096
03:50:17,1.193,0.661,0.352,0.23,0.188,0.092,0.093,0.092,0.093,0.093,1.298,0.745,0.433,0.274,0.182,0.094,0.092,0.092,0.093,0.096
03:52:17,1.193,0.66,0.351,0.23,0.188,0.092,0.094,0.092,0.094,0.094,1.294,0.745,0.432,0.275,0.182,0.094,0.093,0.092,0.094,0.096
03:54:17,1.197,0.659,0.35,0.23,0.188,0.092,0.094,0.092,0.094,0.093,1.3,0.746,0.432,0.275,0.183,0.094,0.092,0.092,0.093,0.096
03:56:17,1.195,0.659,0.35,0.231,0.19,0.092,0.094,0.092,0.094,0.093,1.298,0.745,0.432,0.275,0.183,0.094,0.093,0.092,0.093,0.096
03:58:17,1.195,0.659,0.35,0.23,0.188,0.092,0.093,0.092,0.094,0.093,1.294,0.746,0.433,0.274,0.183,0.094,0.092,0.092,0.093,0.096
04:00:17,1.187,0.657,0.349,0.229,0.187,0.092,0.093,0.092,0.094,0.093,1.292,0.742,0.433,0.274,0.182,0.094,0.092,0.092,0.093,0.096
04:02:17,1.185,0.657,0.349,0.229,0.188,0.092,0.093,0.092,0.094,0.094,1.29,0.743,0.434,0.274,0.183,0.094,0.092,0.092,0.093,0.096
04:04:17,1.193,0.656,0.349,0.23,0.188,0.092,0.093,0.092,0.093,0.093,1.29,0.743,0.432,0.274,0.183,0.094,0.092,0.092,0.093,0.096
04:06:17,1.189,0.654,0.348,0.228,0.187,0.092,0.093,0.092,0.093,0.093,1.29,0.742,0.43,0.274,0.183,0.094,0.092,0.092,0.093,0.096
04:08:17,1.187,0.656,0.349,0.228,0.187,0.092,0.093,0.092,0.094,0.093,1.288,0.742,0.431,0.274,0.182,0.094,0.092,0.092,0.093,0.096
04:10:17,1.187,0.653,0.348,0.23,0.189,0.092,0.093,0.092,0.094,0.093,1.286,0.74,0.431,0.274,0.183,0.094,0.092,0.092,0.093,0.096
04:12:17,1.189,0.654,0.348,0.229,0.186,0.092,0.093,0.092,0.094,0.093,1.286,0.742,0.432,0.273,0.183,0.094,0.092,0.092,0.093,0.096
04:14:17,1.187,0.651,0.347,0.228,0.187,0.092,0.093,0.092,0.094,0.093,1.286,0.74,0.43,0.274,0.183,0.094,0.092,0.092,0.093,0.096
04:16:17,1.183,0.651,0.346,0.227,0.187,0.092,0.093,0.092,0.093,0.093,1.284,0.738,0.431,0.274,0.182,0.094,0.092,0.092,0.093,0.096
04:18:17,1.183,0.651,0.346,0.228,0.187,0.092,0.093,0.092,0.094,0.093,1.282,0.737,0.431,0.274,0.182,0.094,0.092,0.092,0.093,0.096
04:20:17,1.179,0.651,0.346,0.227,0.186,0.092,0.093,0.092,0.094,0.093,1.28,0.737,0.431,0.274,0.182,0.094,0.092,0.092,0.093,0.096
04:22:17,1.177,0.65,0.346,0.228,0.188,0.092,0.093,0.092,0.093,0.093,1.28,0.736,0.431,0.274,0.182,0.094,0.092,0.092,0.093,0.096
04:24:18,1.181,0.649,0.344,0.226,0.185,0.092,0.093,0.092,0.093,0.093,1.28,0.737,0.429,0.273,0.182,0.093,0.092,0.092,0.093,0.096
04:26:18,1.173,0.65,0.345,0.228,0.188,0.092,0.094,0.092,0.094,0.094,1.274,0.735,0.43,0.274,0.182,0.094,0.093,0.092,0.094,0.096
04:28:18,1.175,0.647,0.343,0.227,0.186,0.092,0.093,0.092,0.093,0.093,1.276,0.733,0.43,0.274,0.182,0.093,0.092,0.092,0.093,0.095
04:30:18,1.173,0.647,0.343,0.226,0.186,0.092,0.093,0.092,0.094,0.093,1.274,0.734,0.43,0.273,0.182,0.094,0.093,0.092,0.093,0.096
04:32:18,1.177,0.648,0.343,0.227,0.186,0.092,0.093,0.092,0.093,0.093,1.274,0.734,0.428,0.274,0.182,0.094,0.092,0.092,0.093,0.096
04:34:18,1.171,0.647,0.342,0.226,0.186,0.092,0.093,0.092,0.094,0.093,1.272,0.733,0.43,0.274,0.182,0.094,0.092,0.092,0.093,0.096
04:36:18,1.171,0.646,0.343,0.226,0.185,0.092,0.093,0.092,0.094,0.093,1.284,0.731,0.429,0.273,0.182,0.094,0.092,0.092,0.093,0.096
04:38:18,1.169,0.645,0.342,0.226,0.186,0.092,0.093,0.092,0.094,0.094,1.272,0.73,0.428,0.274,0.182,0.094,0.092,0.092,0.093,0.096
04:40:18,1.167,0.646,0.342,0.226,0.186,0.092,0.093,0.092,0.093,0.093,1.27,0.729,0.429,0.274,0.182,0.094,0.092,0.092,0.093,0.096
04:42:18,1.167,0.644,0.341,0.226,0.185,0.092,0.093,0.092,0.093,0.093,1.266,0.729,0.428,0.273,0.182,0.094,0.092,0.092,0.093,0.096
04:44:18,1.173,0.645,0.342,0.224,0.183,0.092,0.093,0.092,0.093,0.093,1.266,0.73,0.429,0.273,0.182,0.094,0.092,0.092,0.093,0.096
04:46:18,1.169,0.644,0.341,0.224,0.183,0.092,0.094,0.092,0.093,0.093,1.266,0.729,0.428,0.272,0.182,0.093,0.092,0.092,0.093,0.095
04:48:18,1.169,0.642,0.341,0.224,0.185,0.092,0.094,0.092,0.093,0.093,1.262,0.729,0.428,0.273,0.182,0.093,0.092,0.092,0.093,0.096
04:50:18,1.163,0.644,0.34,0.224,0.183,0.092,0.093,0.092,0.093,0.093,1.258,0.728,0.429,0.273,0.182,0.094,0.092,0.092,0.093,0.096
04:52:18,1.169,0.641,0.34,0.224,0.185,0.092,0.094,0.092,0.094,0.093,1.26,0.728,0.428,0.273,0.182,0.094,0.092,0.092,0.093,0.096
04:54:18,1.163,0.639,0.339,0.223,0.186,0.092,0.093,0.092,0.094,0.093,1.26,0.726,0.427,0.273,0.182,0.094,0.092,0.092,0.093,0.096
04:56:18,1.165,0.64,0.339,0.221,0.183,0.092,0.094,0.092,0.094,0.093,1.258,0.726,0.428,0.273,0.182,0.094,0.093,0.092,0.093,0.096
04:58:18,1.165,0.639,0.338,0.221,0.184,0.092,0.093,0.092,0.093,0.093,1.256,0.725,0.427,0.272,0.182,0.094,0.092,0.092,0.093,0.096
05:00:18,1.161,0.638,0.338,0.221,0.184,0.092,0.093,0.092,0.094,0.093,1.256,0.723,0.427,0.273,0.182,0.094,0.092,0.092,0.093,0.096
05:02:18,1.163,0.637,0.337,0.221,0.184,0.092,0.093,0.092,0.093,0.093,1.254,0.723,0.426,0.272,0.181,0.093,0.092,0.092,0.093,0.096
05:04:18,1.155,0.638,0.339,0.222,0.185,0.092,0.094,0.093,0.094,0.094,1.25,0.722,0.428,0.274,0.182,0.094,0.093,0.093,0.093,0.096
05:06:18,1.159,0.636,0.337,0.22,0.184,0.092,0.093,0.092,0.093,0.093,1.252,0.721,0.426,0.273,0.182,0.094,0.093,0.092,0.093,0.096
05:08:18,1.161,0.637,0.338,0.22,0.184,0.092,0.094,0.092,0.093,0.093,1.252,0.721,0.427,0.272,0.182,0.094,0.092,0.092,0.093,0.096
05:10:18,1.161,0.637,0.337,0.221,0.184,0.092,0.093,0.092,0.094,0.093,1.25,0.721,0.426,0.273,0.182,0.094,0.092,0.092,0.093,0.096
05:12:18,1.157,0.634,0.336,0.219,0.183,0.092,0.093,0.092,0.093,0.093,1.248,0.717,0.425,0.273,0.182,0.094,0.092,0.092,0.093,0.096
05:14:18,1.157,0.636,0.337,0.22,0.184,0.092,0.093,0.092,0.094,0.093,1.247,0.717,0.427,0.273,0.182,0.094,0.093,0.092,0.093,0.096
05:16:18,1.157,0.633,0.336,0.219,0.184,0.092,0.093,0.092,0.094,0.093,1.247,0.716,0.426,0.272,0.182,0.094,0.092,0.092,0.093,0.096
05:18:18,1.159,0.635,0.335,0.219,0.183,0.092,0.093,0.093,0.094,0.093,1.248,0.717,0.426,0.272,0.182,0.094,0.092,0.092,0.093,0.096
05:20:18,1.157,0.634,0.335,0.218,0.182,0.092,0.093,0.092,0.093,0.093,1.247,0.715,0.425,0.272,0.182,0.094,0.093,0.092,0.093,0.096
05:22:18,1.153,0.63,0.334,0.219,0.184,0.092,0.093,0.092,0.093,0.093,1.244,0.712,0.424,0.272,0.181,0.094,0.092,0.092,0.092,0.096
05:24:18,1.157,0.632,0.335,0.218,0.184,0.092,0.093,0.092,0.093,0.093,1.243,0.714,0.425,0.272,0.181,0.093,0.092,0.092,0.093,0.095
05:26:18,1.153,0.633,0.335,0.218,0.183,0.092,0.094,0.092,0.093,0.093,1.242,0.712,0.425,0.272,0.182,0.094,0.093,0.092,0.093,0.096
05:28:18,1.155,0.631,0.334,0.217,0.183,0.092,0.094,0.092,0.094,0.093,1.24,0.713,0.425,0.272,0.182,0.094,0.093,0.092,0.093,0.096
05:30:18,1.147,0.629,0.333,0.216,0.182,0.092,0.093,0.092,0.093,0.093,1.238,0.711,0.424,0.272,0.182,0.094,0.092,0.092,0.093,0.096
05:32:18,1.151,0.628,0.333,0.216,0.182,0.092,0.093,0.092,0.093,0.093,1.237,0.711,0.424,0.272,0.181,0.093,0.092,0.092,0.093,0.096
05:34:18,1.151,0.628,0.333,0.216,0.184,0.092,0.093,0.092,0.094,0.093,1.236,0.71,0.423,0.272,0.181,0.094,0.092,0.092,0.093,0.096
05:36:18,1.151,0.629,0.332,0.214,0.182,0.092,0.094,0.092,0.094,0.093,1.235,0.71,0.424,0.272,0.182,0.094,0.093,0.092,0.093,0.096
05:38:18,1.147,0.627,0.333,0.216,0.183,0.092,0.093,0.092,0.094,0.093,1.233,0.708,0.424,0.271,0.181,0.094,0.092,0.092,0.093,0.096
05:40:18,1.147,0.626,0.332,0.214,0.182,0.092,0.094,0.092,0.093,0.093,1.231,0.707,0.423,0.272,0.181,0.094,0.093,0.092,0.093,0.096
05:42:18,1.147,0.626,0.331,0.214,0.182,0.092,0.093,0.092,0.093,0.093,1.229,0.706,0.423,0.272,0.181,0.094,0.093,0.092,0.093,0.096
05:44:18,1.145,0.625,0.331,0.214,0.183,0.092,0.093,0.092,0.093,0.093,1.227,0.705,0.423,0.272,0.181,0.094,0.092,0.092,0.093,0.096
05:46:18,1.147,0.624,0.33,0.213,0.182,0.092,0.093,0.092,0.093,0.093,1.227,0.706,0.422,0.271,0.181,0.094,0.092,0.092,0.093,0.096
05:48:18,1.145,0.623,0.33,0.213,0.182,0.092,0.094,0.092,0.094,0.093,1.225,0.703,0.423,0.271,0.181,0.094,0.092,0.092,0.093,0.096
05:50:18,1.145,0.623,0.33,0.212,0.182,0.092,0.093,0.092,0.094,0.093,1.223,0.702,0.423,0.272,0.181,0.094,0.093,0.092,0.093,0.096
05:52:18,1.145,0.622,0.33,0.213,0.183,0.092,0.093,0.092,0.093,0.093,1.223,0.704,0.422,0.271,0.181,0.093,0.092,0.092,0.093,0.096
05:54:18,1.139,0.621,0.33,0.211,0.182,0.092,0.093,0.092,0.093,0.093,1.223,0.701,0.423,0.272,0.181,0.094,0.092,0.092,0.093,0.096
05:56:18,1.143,0.621,0.329,0.211,0.183,0.092,0.093,0.092,0.093,0.093,1.221,0.701,0.422,0.272,0.181,0.093,0.092,0.092,0.093,0.096
05:58:18,1.143,0.619,0.328,0.211,0.183,0.092,0.093,0.092,0.094,0.093,1.221,0.7,0.421,0.271,0.182,0.094,0.092,0.092,0.093,0.096
06:00:17,1.141,0.62,0.329,0.21,0.182,0.092,0.093,0.092,0.094,0.093,1.219,0.699,0.421,0.271,0.18,0.094,0.093,0.092,0.093,0.096
06:02:18,1.141,0.619,0.328,0.209,0.181,0.092,0.093,0.092,0.093,0.093,1.217,0.698,0.422,0.271,0.181,0.093,0.092,0.092,0.093,0.096
06:04:18,1.135,0.618,0.327,0.209,0.181,0.092,0.094,0.092,0.094,0.093,1.215,0.698,0.421,0.272,0.181,0.094,0.092,0.092,0.093,0.096
06:06:18,1.139,0.618,0.327,0.209,0.181,0.092,0.093,0.092,0.093,0.093,1.215,0.698,0.421,0.271,0.181,0.094,0.092,0.092,0.093,0.096
06:08:18,1.141,0.617,0.327,0.208,0.181,0.092,0.093,0.092,0.093,0.093,1.217,0.696,0.42,0.271,0.181,0.094,0.092,0.092,0.093,0.096
06:10:18,1.139,0.617,0.326,0.208,0.181,0.092,0.093,0.092,0.093,0.093,1.215,0.696,0.421,0.271,0.181,0.094,0.093,0.092,0.093,0.096
06:12:18,1.135,0.615,0.326,0.207,0.18,0.092,0.094,0.092,0.094,0.094,1.211,0.695,0.421,0.271,0.181,0.094,0.093,0.092,0.093,0.096
06:14:18,1.135,0.615,0.327,0.207,0.181,0.092,0.093,0.092,0.093,0.093,1.211,0.695,0.421,0.272,0.181,0.094,0.092,0.092,0.093,0.096
06:16:18,1.135,0.615,0.326,0.208,0.183,0.092,0.093,0.092,0.093,0.093,1.207,0.695,0.42,0.271,0.181,0.093,0.092,0.092,0.093,0.096
06:18:18,1.137,0.613,0.325,0.207,0.182,0.092,0.093,0.092,0.094,0.093,1.207,0.694,0.42,0.271,0.181,0.094,0.093,0.092,0.093,0.096
06:20:18,1.133,0.613,0.325,0.206,0.181,0.092,0.094,0.092,0.093,0.093,1.207,0.692,0.42,0.271,0.181,0.094,0.093,0.092,0.093,0.096
06:22:18,1.131,0.613,0.324,0.206,0.18,0.092,0.093,0.092,0.093,0.093,1.205,0.691,0.42,0.271,0.181,0.094,0.092,0.092,0.093,0.096
06:24:18,1.133,0.612,0.325,0.205,0.18,0.092,0.093,0.092,0.094,0.093,1.205,0.691,0.42,0.271,0.181,0.094,0.092,0.092,0.093,0.096
06:26:18,1.133,0.612,0.325,0.205,0.18,0.092,0.093,0.093,0.094,0.093,1.203,0.691,0.42,0.271,0.181,0.094,0.092,0.092,0.093,0.096
06:28:18,1.131,0.611,0.325,0.206,0.18,0.092,0.094,0.092,0.094,0.094,1.203,0.689,0.42,0.271,0.181,0.094,0.093,0.092,0.094,0.096
06:30:18,1.127,0.61,0.325,0.205,0.18,0.092,0.093,0.092,0.093,0.093,1.203,0.687,0.42,0.271,0.181,0.094,0.092,0.092,0.093,0.096
06:32:18,1.125,0.609,0.324,0.204,0.179,0.092,0.093,0.092,0.093,0.093,1.201,0.687,0.419,0.271,0.181,0.094,0.092,0.092,0.093,0.096
06:34:18,1.129,0.608,0.323,0.204,0.18,0.092,0.093,0.092,0.094,0.094,1.205,0.688,0.419,0.271,0.181,0.094,0.092,0.092,0.093,0.096
06:36:18,1.131,0.607,0.323,0.204,0.182,0.092,0.093,0.092,0.094,0.094,1.203,0.687,0.419,0.271,0.181,0.094,0.093,0.092,0.093,0.096
06:38:18,1.129,0.608,0.324,0.203,0.179,0.092,0.094,0.092,0.094,0.093,1.203,0.686,0.419,0.271,0.181,0.094,0.093,0.092,0.093,0.096
06:40:18,1.125,0.605,0.324,0.204,0.179,0.092,0.093,0.092,0.094,0.093,1.199,0.686,0.418,0.27,0.181,0.093,0.093,0.092,0.093,0.096
06:42:18,1.125,0.606,0.323,0.203,0.179,0.092,0.093,0.092,0.093,0.093,1.199,0.685,0.419,0.271,0.181,0.094,0.092,0.092,0.093,0.096
06:44:18,1.127,0.605,0.323,0.203,0.179,0.092,0.094,0.092,0.094,0.093,1.197,0.683,0.419,0.271,0.181,0.094,0.092,0.092,0.093,0.096
06:46:18,1.125,0.604,0.323,0.203,0.181,0.092,0.094,0.092,0.094,0.094,1.197,0.684,0.419,0.271,0.181,0.094,0.093,0.092,0.093,0.096
06:48:18,1.124,0.602,0.32,0.2,0.178,0.092,0.093,0.092,0.093,0.093,1.195,0.682,0.416,0.27,0.181,0.094,0.092,0.092,0.093,0.096
06:50:18,1.12,0.602,0.322,0.202,0.18,0.092,0.094,0.092,0.093,0.093,1.191,0.68,0.419,0.271,0.181,0.094,0.092,0.092,0.093,0.096
06:52:18,1.125,0.602,0.32,0.201,0.179,0.092,0.093,0.092,0.093,0.093,1.193,0.682,0.417,0.27,0.181,0.093,0.092,0.092,0.093,0.096
06:54:18,1.124,0.602,0.32,0.201,0.179,0.092,0.093,0.092,0.094,0.093,1.193,0.682,0.418,0.271,0.181,0.094,0.093,0.092,0.093,0.096
06:56:18,1.121,0.6,0.32,0.201,0.178,0.092,0.094,0.093,0.094,0.094,1.191,0.68,0.418,0.271,0.181,0.094,0.093,0.092,0.093,0.096
06:58:18,1.12,0.598,0.32,0.2,0.178,0.092,0.093,0.092,0.093,0.093,1.189,0.678,0.417,0.27,0.181,0.094,0.093,0.092,0.093,0.096
07:00:18,1.119,0.598,0.321,0.2,0.18,0.092,0.094,0.092,0.094,0.093,1.187,0.678,0.417,0.27,0.181,0.094,0.093,0.092,0.093,0.096
07:02:18,1.118,0.598,0.32,0.199,0.177,0.092,0.093,0.092,0.094,0.093,1.185,0.676,0.418,0.27,0.181,0.093,0.092,0.092,0.093,0.096
07:04:18,1.119,0.596,0.32,0.2,0.178,0.092,0.093,0.092,0.094,0.093,1.187,0.677,0.417,0.271,0.181,0.094,0.092,0.092,0.093,0.096
07:06:18,1.114,0.595,0.319,0.199,0.178,0.092,0.093,0.092,0.094,0.094,1.185,0.676,0.415,0.27,0.181,0.094,0.093,0.092,0.093,0.096
07:08:18,1.116,0.596,0.32,0.199,0.177,0.092,0.094,0.092,0.093,0.093,1.187,0.674,0.416,0.271,0.181,0.094,0.093,0.092,0.093,0.096
07:10:18,1.116,0.594,0.319,0.198,0.178,0.092,0.093,0.092,0.094,0.094,1.185,0.674,0.417,0.27,0.181,0.094,0.093,0.092,0.093,0.096
07:12:18,1.116,0.594,0.319,0.199,0.178,0.092,0.093,0.092,0.093,0.093,1.185,0.674,0.416,0.27,0.18,0.094,0.093,0.092,0.093,0.096
07:14:18,1.114,0.593,0.319,0.199,0.179,0.092,0.093,0.092,0.094,0.093,1.183,0.672,0.416,0.27,0.18,0.094,0.093,0.092,0.093,0.096
07:16:18,1.114,0.591,0.318,0.198,0.178,0.092,0.093,0.092,0.093,0.093,1.183,0.672,0.415,0.27,0.181,0.094,0.093,0.092,0.093,0.096
07:18:18,1.112,0.592,0.319,0.198,0.177,0.092,0.094,0.092,0.094,0.093,1.179,0.672,0.417,0.27,0.181,0.094,0.093,0.092,0.093,0.096
07:20:18,1.11,0.591,0.318,0.198,0.178,0.092,0.093,0.092,0.094,0.093,1.179,0.671,0.415,0.27,0.181,0.094,0.092,0.092,0.093,0.096
07:22:18,1.112,0.59,0.317,0.198,0.178,0.092,0.093,0.092,0.094,0.093,1.179,0.671,0.415,0.27,0.181,0.094,0.093,0.092,0.093,0.096
07:24:18,1.11,0.587,0.316,0.197,0.177,0.092,0.093,0.092,0.093,0.093,1.177,0.67,0.414,0.27,0.18,0.094,0.092,0.092,0.093,0.096
07:26:18,1.11,0.588,0.316,0.197,0.177,0.092,0.093,0.092,0.094,0.093,1.177,0.671,0.414,0.27,0.181,0.094,0.092,0.092,0.093,0.096
07:28:18,1.11,0.587,0.316,0.197,0.178,0.092,0.093,0.092,0.094,0.093,1.175,0.67,0.414,0.27,0.18,0.094,0.092,0.092,0.093,0.096
07:30:18,1.106,0.585,0.317,0.197,0.177,0.092,0.094,0.092,0.094,0.093,1.175,0.669,0.414,0.27,0.181,0.094,0.093,0.092,0.093,0.096
07:32:18,1.108,0.586,0.316,0.196,0.176,0.092,0.093,0.092,0.093,0.093,1.173,0.667,0.414,0.269,0.181,0.093,0.092,0.092,0.092,0.096
07:34:18,1.104,0.582,0.317,0.197,0.179,0.092,0.093,0.092,0.094,0.093,1.171,0.666,0.414,0.27,0.18,0.094,0.092,0.092,0.093,0.096
07:36:18,1.11,0.585,0.317,0.197,0.179,0.092,0.093,0.092,0.094,0.093,1.173,0.668,0.415,0.27,0.18,0.094,0.093,0.092,0.093,0.096
07:38:18,1.106,0.584,0.315,0.197,0.179,0.092,0.094,0.092,0.093,0.093,1.173,0.665,0.413,0.269,0.18,0.093,0.092,0.092,0.093,0.096
07:40:18,1.108,0.583,0.315,0.195,0.176,0.092,0.094,0.092,0.094,0.093,1.173,0.665,0.413,0.27,0.18,0.094,0.093,0.092,0.093,0.096
07:42:18,1.106,0.582,0.314,0.196,0.176,0.092,0.093,0.092,0.094,0.093,1.175,0.665,0.412,0.269,0.18,0.094,0.093,0.092,0.093,0.096
07:44:18,1.106,0.583,0.315,0.196,0.178,0.092,0.094,0.092,0.094,0.094,1.175,0.664,0.413,0.27,0.18,0.094,0.093,0.092,0.093,0.096
07:46:18,1.108,0.582,0.314,0.197,0.18,0.092,0.094,0.092,0.094,0.094,1.171,0.663,0.412,0.27,0.181,0.094,0.093,0.092,0.093,0.096
07:48:17,1.102,0.579,0.315,0.196,0.176,0.092,0.093,0.092,0.094,0.093,1.169,0.662,0.413,0.269,0.18,0.093,0.092,0.092,0.093,0.096
07:50:17,1.106,0.58,0.314,0.195,0.175,0.092,0.093,0.092,0.093,0.093,1.171,0.663,0.413,0.269,0.18,0.094,0.092,0.092,0.093,0.096
07:52:18,1.102,0.58,0.313,0.195,0.176,0.092,0.093,0.092,0.093,0.092,1.169,0.663,0.413,0.27,0.177,0.093,0.092,0.091,0.093,0.096
07:54:18,1.104,0.579,0.313,0.195,0.177,0.092,0.093,0.092,0.093,0.093,1.169,0.66,0.411,0.269,0.18,0.093,0.092,0.092,0.093,0.096
07:56:18,1.108,0.582,0.317,0.198,0.181,0.095,0.095,0.095,0.097,0.097,1.173,0.664,0.416,0.273,0.183,0.097,0.096,0.095,0.096,0.099
07:58:18,1.102,0.578,0.314,0.195,0.177,0.092,0.092,0.092,0.094,0.095,1.167,0.66,0.413,0.268,0.181,0.094,0.093,0.092,0.092,0.096
08:00:17,1.102,0.576,0.314,0.194,0.175,0.092,0.093,0.092,0.093,0.093,1.167,0.659,0.412,0.269,0.18,0.093,0.092,0.092,0.093,0.095
08:02:18,1.1,0.576,0.314,0.195,0.176,0.092,0.093,0.092,0.094,0.093,1.167,0.658,0.414,0.269,0.18,0.094,0.093,0.092,0.093,0.096
08:04:18,1.092,0.575,0.309,0.191,0.175,0.091,0.092,0.091,0.09,0.093,1.165,0.658,0.407,0.27,0.176,0.088,0.093,0.091,0.089,0.096
08:06:18,1.098,0.573,0.311,0.194,0.176,0.092,0.093,0.092,0.093,0.093,1.165,0.657,0.412,0.269,0.18,0.094,0.092,0.092,0.093,0.096
08:08:18,1.099,0.574,0.312,0.194,0.177,0.092,0.094,0.092,0.094,0.094,1.167,0.657,0.411,0.27,0.18,0.094,0.093,0.093,0.094,0.096
08:10:18,1.104,0.579,0.318,0.201,0.184,0.101,0.1,0.101,0.097,0.1,1.173,0.664,0.419,0.277,0.185,0.102,0.101,0.099,0.1,0.105
08:12:18,1.1,0.572,0.311,0.194,0.177,0.092,0.094,0.093,0.094,0.094,1.165,0.657,0.406,0.271,0.183,0.093,0.095,0.093,0.092,0.096
08:14:18,1.098,0.572,0.311,0.193,0.175,0.092,0.093,0.092,0.094,0.093,1.165,0.654,0.411,0.268,0.181,0.094,0.092,0.092,0.093,0.096
08:16:18,1.098,0.57,0.31,0.193,0.176,0.092,0.092,0.092,0.093,0.092,1.163,0.651,0.412,0.268,0.177,0.092,0.086,0.091,0.092,0.096
08:18:18,1.096,0.569,0.31,0.192,0.175,0.092,0.093,0.092,0.093,0.093,1.161,0.652,0.411,0.269,0.18,0.093,0.092,0.092,0.093,0.096
08:20:18,1.094,0.568,0.31,0.193,0.176,0.092,0.093,0.092,0.094,0.094,1.163,0.653,0.412,0.27,0.18,0.094,0.093,0.092,0.093,0.096
08:22:18,1.096,0.568,0.309,0.192,0.175,0.092,0.093,0.092,0.093,0.093,1.165,0.653,0.409,0.269,0.18,0.094,0.092,0.092,0.093,0.096
08:24:18,1.094,0.568,0.309,0.193,0.176,0.092,0.093,0.092,0.094,0.093,1.163,0.651,0.41,0.269,0.18,0.094,0.092,0.092,0.093,0.096
08:26:19,1.094,0.567,0.309,0.192,0.174,0.092,0.093,0.092,0.093,0.093,1.161,0.651,0.41,0.269,0.18,0.094,0.092,0.092,0.093,0.096
08:28:19,1.09,0.564,0.309,0.192,0.174,0.092,0.093,0.092,0.093,0.093,1.159,0.649,0.41,0.269,0.18,0.094,0.092,0.092,0.093,0.096
08:30:19,1.094,0.564,0.308,0.191,0.174,0.092,0.093,0.092,0.093,0.093,1.161,0.649,0.41,0.269,0.18,0.093,0.092,0.092,0.093,0.096
08:32:19,1.092,0.565,0.309,0.192,0.176,0.092,0.093,0.092,0.093,0.093,1.161,0.649,0.41,0.269,0.18,0.094,0.092,0.092,0.093,0.096
08:34:19,1.088,0.564,0.308,0.191,0.173,0.092,0.094,0.092,0.094,0.093,1.159,0.648,0.41,0.269,0.18,0.094,0.093,0.092,0.093,0.096
08:36:19,1.092,0.563,0.308,0.191,0.173,0.092,0.093,0.092,0.093,0.093,1.161,0.648,0.41,0.268,0.18,0.094,0.092,0.092,0.093,0.096
08:38:19,1.092,0.563,0.308,0.191,0.174,0.092,0.094,0.092,0.094,0.093,1.161,0.647,0.41,0.269,0.18,0.094,0.093,0.092,0.093,0.096
08:40:19,1.09,0.562,0.308,0.191,0.174,0.092,0.093,0.092,0.094,0.093,1.159,0.647,0.409,0.269,0.18,0.094,0.092,0.092,0.093,0.096
08:42:19,1.09,0.561,0.307,0.19,0.172,0.092,0.093,0.092,0.094,0.093,1.157,0.647,0.41,0.269,0.18,0.094,0.093,0.092,0.093,0.096
08:44:19,1.09,0.56,0.307,0.191,0.174,0.092,0.093,0.092,0.093,0.093,1.157,0.646,0.41,0.268,0.18,0.093,0.092,0.092,0.093,0.096
08:46:19,1.088,0.559,0.306,0.191,0.174,0.092,0.093,0.092,0.093,0.093,1.159,0.646,0.408,0.269,0.18,0.094,0.092,0.092,0.093,0.096
08:48:19,1.088,0.557,0.306,0.19,0.172,0.092,0.093,0.092,0.093,0.093,1.159,0.644,0.409,0.27,0.18,0.093,0.092,0.092,0.093,0.096
08:50:19,1.092,0.557,0.306,0.191,0.174,0.092,0.093,0.092,0.093,0.093,1.159,0.645,0.407,0.269,0.18,0.094,0.092,0.092,0.093,0.096
08:52:19,1.09,0.558,0.306,0.191,0.174,0.092,0.094,0.092,0.094,0.093,1.159,0.644,0.409,0.269,0.179,0.094,0.092,0.092,0.093,0.096
08:54:19,1.086,0.555,0.305,0.189,0.172,0.092,0.093,0.092,0.093,0.093,1.159,0.643,0.408,0.269,0.18,0.094,0.092,0.092,0.093,0.096
08:56:19,1.088,0.556,0.305,0.19,0.174,0.092,0.093,0.092,0.093,0.093,1.157,0.642,0.408,0.269,0.179,0.093,0.092,0.092,0.093,0.096
08:58:19,1.088,0.554,0.304,0.189,0.172,0.092,0.093,0.092,0.094,0.093,1.159,0.641,0.408,0.268,0.18,0.094,0.092,0.092,0.093,0.096
09:00:19,1.086,0.554,0.304,0.19,0.174,0.092,0.093,0.092,0.093,0.093,1.159,0.641,0.407,0.268,0.18,0.093,0.092,0.092,0.093,0.095
09:02:19,1.086,0.553,0.304,0.189,0.171,0.092,0.093,0.092,0.093,0.093,1.157,0.639,0.407,0.268,0.18,0.094,0.092,0.092,0.093,0.096
09:04:19,1.082,0.553,0.304,0.189,0.173,0.092,0.094,0.092,0.094,0.093,1.157,0.64,0.408,0.268,0.18,0.094,0.092,0.092,0.093,0.096
09:06:19,1.086,0.552,0.303,0.188,0.17,0.092,0.093,0.092,0.093,0.093,1.157,0.64,0.406,0.268,0.18,0.094,0.092,0.092,0.093,0.096
09:08:19,1.086,0.552,0.303,0.188,0.171,0.092,0.093,0.092,0.093,0.093,1.159,0.639,0.407,0.268,0.179,0.093,0.092,0.092,0.093,0.096
09:10:19,1.082,0.552,0.304,0.188,0.172,0.092,0.093,0.092,0.093,0.093,1.157,0.639,0.408,0.269,0.179,0.094,0.092,0.092,0.093,0.096
09:12:19,1.084,0.551,0.303,0.188,0.171,0.092,0.093,0.092,0.093,0.093,1.155,0.637,0.406,0.268,0.18,0.094,0.092,0.092,0.093,0.096
09:14:19,1.082,0.549,0.303,0.187,0.17,0.092,0.093,0.092,0.093,0.093,1.157,0.637,0.408,0.268,0.178,0.094,0.092,0.092,0.093,0.096
09:16:19,1.086,0.55,0.302,0.187,0.17,0.092,0.093,0.092,0.093,0.093,1.155,0.637,0.406,0.268,0.179,0.094,0.092,0.092,0.093,0.095
09:18:19,1.084,0.549,0.303,0.188,0.17,0.092,0.093,0.092,0.093,0.093,1.155,0.635,0.407,0.268,0.179,0.093,0.092,0.092,0.093,0.096
09:20:19,1.088,0.549,0.302,0.188,0.171,0.092,0.093,0.092,0.093,0.093,1.155,0.637,0.406,0.268,0.179,0.093,0.092,0.092,0.093,0.095
09:22:19,1.084,0.549,0.302,0.188,0.17,0.092,0.093,0.092,0.094,0.093,1.155,0.636,0.407,0.268,0.179,0.093,0.092,0.092,0.093,0.096
09:24:19,1.084,0.547,0.301,0.186,0.169,0.092,0.093,0.092,0.093,0.093,1.153,0.636,0.405,0.268,0.179,0.093,0.092,0.092,0.093,0.096
09:26:19,1.084,0.547,0.301,0.187,0.17,0.092,0.093,0.092,0.093,0.093,1.155,0.635,0.406,0.268,0.179,0.094,0.092,0.092,0.093,0.096
09:28:19,1.082,0.546,0.302,0.188,0.171,0.092,0.093,0.092,0.093,0.093,1.153,0.635,0.406,0.268,0.179,0.094,0.092,0.092,0.093,0.096
09:30:19,1.084,0.546,0.302,0.188,0.17,0.092,0.093,0.092,0.093,0.093,1.153,0.634,0.406,0.268,0.179,0.093,0.092,0.091,0.092,0.095
09:32:19,1.082,0.544,0.301,0.187,0.169,0.092,0.093,0.092,0.093,0.093,1.153,0.634,0.405,0.267,0.179,0.094,0.093,0.092,0.093,0.096
09:34:19,1.082,0.545,0.3,0.186,0.17,0.092,0.093,0.092,0.093,0.093,1.151,0.633,0.406,0.268,0.179,0.093,0.092,0.092,0.093,0.096
09:36:18,1.08,0.544,0.3,0.186,0.169,0.092,0.093,0.092,0.093,0.093,1.151,0.633,0.404,0.267,0.179,0.093,0.092,0.092,0.093,0.096
09:38:18,1.08,0.542,0.3,0.187,0.169,0.092,0.093,0.092,0.093,0.093,1.149,0.632,0.405,0.268,0.179,0.093,0.092,0.092,0.093,0.096
09:40:18,1.084,0.543,0.3,0.187,0.171,0.092,0.093,0.092,0.093,0.093,1.149,0.632,0.404,0.268,0.179,0.093,0.092,0.092,0.093,0.096
09:42:19,1.084,0.543,0.299,0.186,0.17,0.092,0.093,0.092,0.093,0.093,1.149,0.632,0.405,0.268,0.179,0.094,0.093,0.092,0.093,0.096
09:44:19,1.082,0.541,0.299,0.185,0.169,0.092,0.093,0.092,0.093,0.093,1.151,0.63,0.405,0.267,0.179,0.093,0.092,0.092,0.093,0.096
09:46:19,1.084,0.542,0.299,0.187,0.171,0.092,0.093,0.092,0.093,0.093,1.149,0.631,0.405,0.267,0.179,0.094,0.092,0.092,0.093,0.095
09:48:19,1.08,0.539,0.298,0.186,0.169,0.092,0.094,0.092,0.094,0.093,1.147,0.629,0.404,0.268,0.179,0.094,0.092,0.092,0.093,0.096
09:50:19,1.084,0.54,0.299,0.186,0.169,0.092,0.094,0.092,0.093,0.093,1.149,0.629,0.405,0.268,0.179,0.094,0.093,0.092,0.093,0.096
09:52:19,1.08,0.538,0.298,0.185,0.168,0.092,0.093,0.092,0.093,0.093,1.145,0.628,0.403,0.267,0.179,0.093,0.092,0.092,0.093,0.096
09:54:19,1.082,0.537,0.298,0.185,0.167,0.092,0.094,0.092,0.093,0.093,1.147,0.628,0.404,0.268,0.179,0.094,0.093,0.092,0.093,0.096
09:56:19,1.082,0.538,0.298,0.185,0.167,0.092,0.093,0.092,0.093,0.093,1.147,0.629,0.404,0.267,0.179,0.093,0.092,0.092,0.093,0.096
09:58:19,1.08,0.536,0.297,0.185,0.167,0.092,0.093,0.092,0.094,0.093,1.145,0.627,0.403,0.267,0.179,0.094,0.093,0.092,0.093,0.096
10:00:19,1.08,0.535,0.297,0.185,0.168,0.092,0.093,0.092,0.093,0.093,1.143,0.626,0.403,0.267,0.177,0.093,0.092,0.092,0.093,0.096
10:02:19,1.082,0.536,0.297,0.185,0.167,0.092,0.093,0.092,0.093,0.093,1.145,0.627,0.403,0.268,0.179,0.094,0.092,0.092,0.093,0.096
10:04:19,1.08,0.537,0.298,0.185,0.167,0.092,0.093,0.092,0.094,0.093,1.145,0.626,0.404,0.268,0.179,0.094,0.093,0.092,0.093,0.096
10:06:19,1.084,0.537,0.297,0.188,0.172,0.092,0.093,0.092,0.093,0.093,1.145,0.626,0.402,0.268,0.179,0.094,0.092,0.092,0.093,0.096
10:08:19,1.082,0.534,0.296,0.184,0.167,0.092,0.093,0.092,0.093,0.093,1.145,0.624,0.402,0.267,0.179,0.093,0.092,0.092,0.093,0.096
10:10:19,1.08,0.533,0.296,0.184,0.166,0.092,0.093,0.092,0.094,0.093,1.143,0.624,0.402,0.267,0.179,0.094,0.092,0.092,0.093,0.096
10:12:19,1.08,0.533,0.296,0.184,0.167,0.092,0.093,0.092,0.093,0.093,1.145,0.623,0.402,0.267,0.179,0.093,0.092,0.092,0.093,0.096
10:14:19,1.082,0.532,0.296,0.185,0.168,0.092,0.093,0.092,0.093,0.093,1.145,0.623,0.403,0.267,0.179,0.094,0.092,0.092,0.093,0.096
10:16:19,1.08,0.531,0.295,0.184,0.166,0.092,0.093,0.092,0.093,0.093,1.139,0.622,0.402,0.267,0.179,0.093,0.092,0.092,0.093,0.096
10:18:19,1.08,0.532,0.295,0.184,0.166,0.092,0.093,0.092,0.093,0.093,1.141,0.623,0.402,0.267,0.178,0.094,0.092,0.092,0.093,0.096
10:20:19,1.078,0.531,0.295,0.184,0.166,0.092,0.094,0.092,0.093,0.093,1.141,0.622,0.402,0.267,0.178,0.094,0.092,0.092,0.093,0.096
10:22:19,1.076,0.53,0.294,0.184,0.165,0.092,0.093,0.092,0.093,0.093,1.141,0.621,0.401,0.267,0.178,0.093,0.093,0.092,0.093,0.096
10:24:19,1.082,0.53,0.294,0.183,0.166,0.092,0.093,0.092,0.093,0.093,1.141,0.621,0.401,0.267,0.179,0.093,0.092,0.092,0.093,0.096
10:26:19,1.082,0.529,0.295,0.184,0.166,0.092,0.093,0.092,0.094,0.093,1.143,0.621,0.401,0.268,0.179,0.094,0.092,0.092,0.093,0.096
10:28:19,1.08,0.529,0.295,0.183,0.166,0.092,0.093,0.092,0.093,0.093,1.139,0.621,0.401,0.267,0.178,0.094,0.092,0.092,0.093,0.096
10:30:19,1.08,0.528,0.294,0.183,0.166,0.092,0.093,0.092,0.093,0.093,1.139,0.619,0.402,0.267,0.178,0.094,0.092,0.092,0.093,0.096
10:32:19,1.078,0.527,0.293,0.183,0.166,0.092,0.093,0.092,0.093,0.093,1.141,0.62,0.401,0.267,0.179,0.094,0.092,0.092,0.093,0.096
10:34:19,1.08,0.528,0.294,0.184,0.167,0.092,0.093,0.092,0.093,0.093,1.137,0.62,0.4,0.267,0.178,0.093,0.092,0.092,0.093,0.096
10:36:19,1.076,0.527,0.294,0.183,0.166,0.092,0.094,0.092,0.094,0.093,1.135,0.619,0.402,0.266,0.178,0.094,0.093,0.092,0.093,0.096
10:38:19,1.078,0.525,0.293,0.183,0.165,0.092,0.093,0.092,0.093,0.093,1.137,0.618,0.401,0.267,0.179,0.094,0.093,0.092,0.093,0.096
10:40:19,1.08,0.525,0.293,0.184,0.167,0.092,0.093,0.092,0.094,0.093,1.137,0.618,0.401,0.267,0.179,0.094,0.093,0.092,0.093,0.096
10:42:19,1.078,0.525,0.292,0.182,0.165,0.092,0.093,0.092,0.093,0.093,1.139,0.617,0.4,0.267,0.178,0.094,0.092,0.092,0.093,0.096
10:44:19,1.08,0.525,0.292,0.182,0.164,0.092,0.093,0.092,0.093,0.093,1.139,0.618,0.4,0.267,0.178,0.094,0.092,0.092,0.093,0.096
10:46:19,1.078,0.523,0.292,0.182,0.164,0.092,0.093,0.092,0.093,0.093,1.137,0.617,0.4,0.266,0.178,0.093,0.092,0.092,0.093,0.096
10:48:19,1.078,0.522,0.291,0.182,0.164,0.092,0.093,0.092,0.093,0.093,1.135,0.618,0.399,0.266,0.178,0.093,0.092,0.092,0.093,0.095
10:50:19,1.076,0.521,0.292,0.182,0.164,0.092,0.093,0.092,0.094,0.094,1.133,0.617,0.401,0.267,0.179,0.094,0.093,0.093,0.093,0.096
10:52:19,1.076,0.521,0.29,0.182,0.164,0.092,0.094,0.092,0.094,0.093,1.133,0.617,0.4,0.267,0.178,0.094,0.092,0.092,0.093,0.096
10:54:19,1.074,0.521,0.292,0.182,0.163,0.092,0.094,0.092,0.094,0.093,1.133,0.617,0.401,0.267,0.178,0.094,0.093,0.092,0.093,0.096
10:56:19,1.076,0.521,0.29,0.181,0.163,0.092,0.093,0.092,0.093,0.093,1.135,0.615,0.4,0.266,0.178,0.093,0.092,0.092,0.093,0.096
10:58:19,1.076,0.521,0.291,0.182,0.164,0.092,0.093,0.092,0.094,0.093,1.135,0.616,0.399,0.266,0.178,0.094,0.093,0.092,0.093,0.096
11:00:19,1.074,0.521,0.291,0.182,0.164,0.092,0.093,0.092,0.093,0.093,1.133,0.616,0.399,0.266,0.178,0.093,0.092,0.092,0.093,0.096
11:02:19,1.074,0.52,0.29,0.182,0.166,0.092,0.093,0.092,0.094,0.093,1.131,0.615,0.4,0.267,0.178,0.094,0.093,0.092,0.093,0.096
11:04:19,1.076,0.52,0.29,0.182,0.164,0.092,0.093,0.092,0.093,0.093,1.133,0.613,0.4,0.267,0.178,0.093,0.092,0.092,0.093,0.096
11:06:19,1.072,0.519,0.289,0.181,0.163,0.092,0.093,0.092,0.094,0.093,1.133,0.614,0.398,0.267,0.179,0.094,0.093,0.092,0.093,0.096
11:08:19,1.072,0.52,0.289,0.182,0.165,0.092,0.093,0.092,0.093,0.093,1.133,0.614,0.398,0.266,0.179,0.094,0.092,0.092,0.093,0.096
11:10:19,1.072,0.519,0.29,0.181,0.163,0.092,0.093,0.092,0.093,0.093,1.133,0.614,0.399,0.266,0.178,0.094,0.092,0.092,0.093,0.096
11:12:19,1.074,0.518,0.289,0.181,0.163,0.092,0.093,0.092,0.093,0.093,1.133,0.614,0.398,0.266,0.178,0.093,0.093,0.092,0.093,0.096
11:14:19,1.074,0.518,0.289,0.181,0.163,0.092,0.093,0.092,0.094,0.093,1.147,0.612,0.398,0.266,0.178,0.094,0.092,0.092,0.093,0.096
11:16:19,1.072,0.517,0.289,0.181,0.163,0.092,0.093,0.092,0.093,0.093,1.129,0.611,0.398,0.266,0.178,0.094,0.092,0.092,0.093,0.096
11:18:19,1.072,0.516,0.289,0.181,0.163,0.092,0.093,0.092,0.093,0.093,1.131,0.612,0.397,0.266,0.178,0.093,0.093,0.092,0.093,0.096
11:20:19,1.07,0.517,0.288,0.181,0.163,0.092,0.093,0.092,0.094,0.093,1.131,0.612,0.398,0.266,0.178,0.094,0.093,0.092,0.093,0.096
11:22:19,1.072,0.515,0.288,0.18,0.163,0.092,0.093,0.092,0.093,0.093,1.129,0.61,0.397,0.267,0.178,0.093,0.092,0.092,0.093,0.096
11:24:19,1.07,0.513,0.287,0.18,0.162,0.092,0.093,0.092,0.093,0.093,1.127,0.61,0.398,0.266,0.178,0.093,0.092,0.092,0.093,0.096
11:26:19,1.072,0.514,0.288,0.181,0.162,0.092,0.094,0.092,0.094,0.093,1.129,0.611,0.398,0.267,0.178,0.094,0.093,0.092,0.093,0.096
11:28:19,1.068,0.513,0.287,0.18,0.162,0.092,0.093,0.092,0.093,0.093,1.127,0.609,0.397,0.266,0.178,0.094,0.093,0.092,0.093,0.096
11:30:19,1.066,0.511,0.287,0.18,0.161,0.092,0.093,0.092,0.093,0.093,1.127,0.609,0.396,0.265,0.178,0.093,0.092,0.092,0.093,0.096
11:32:19,1.072,0.513,0.287,0.18,0.162,0.092,0.094,0.092,0.093,0.093,1.129,0.608,0.397,0.266,0.178,0.094,0.092,0.092,0.093,0.096
11:34:19,1.07,0.513,0.287,0.18,0.162,0.092,0.094,0.092,0.094,0.093,1.131,0.608,0.398,0.266,0.178,0.094,0.092,0.092,0.093,0.096
11:36:19,1.066,0.513,0.287,0.18,0.162,0.092,0.094,0.092,0.094,0.093,1.131,0.608,0.397,0.266,0.178,0.094,0.093,0.092,0.093,0.096
11:38:19,1.07,0.512,0.286,0.18,0.162,0.092,0.093,0.092,0.093,0.093,1.129,0.608,0.397,0.266,0.177,0.094,0.092,0.092,0.093,0.096
11:40:19,1.068,0.511,0.287,0.18,0.162,0.092,0.094,0.092,0.093,0.093,1.131,0.609,0.397,0.266,0.178,0.094,0.092,0.092,0.093,0.096
11:42:19,1.066,0.511,0.286,0.179,0.161,0.092,0.093,0.092,0.093,0.093,1.129,0.609,0.396,0.266,0.178,0.093,0.093,0.092,0.093,0.096
11:44:19,1.066,0.51,0.286,0.179,0.161,0.092,0.093,0.092,0.093,0.093,1.129,0.608,0.395,0.265,0.178,0.094,0.092,0.092,0.093,0.096
11:46:18,1.068,0.51,0.285,0.179,0.161,0.092,0.093,0.092,0.093,0.093,1.129,0.608,0.396,0.266,0.178,0.094,0.092,0.092,0.093,0.096
11:48:18,1.066,0.51,0.286,0.179,0.161,0.092,0.093,0.092,0.093,0.093,1.129,0.608,0.396,0.266,0.178,0.093,0.092,0.092,0.093,0.096
11:50:19,1.064,0.508,0.284,0.178,0.16,0.092,0.093,0.092,0.093,0.093,1.127,0.607,0.395,0.265,0.177,0.093,0.092,0.092,0.093,0.096
11:52:18,1.068,0.509,0.285,0.179,0.161,0.092,0.093,0.092,0.093,0.093,1.129,0.607,0.395,0.266,0.177,0.093,0.092,0.092,0.093,0.096
11:54:19,1.07,0.508,0.285,0.178,0.161,0.092,0.093,0.092,0.093,0.093,1.129,0.606,0.395,0.265,0.177,0.093,0.092,0.092,0.093,0.096
11:56:19,1.068,0.509,0.285,0.179,0.161,0.092,0.093,0.092,0.093,0.093,1.129,0.607,0.395,0.266,0.178,0.093,0.093,0.092,0.093,0.096
11:58:19,1.064,0.507,0.284,0.178,0.16,0.092,0.093,0.092,0.093,0.093,1.127,0.605,0.394,0.265,0.177,0.093,0.092,0.092,0.093,0.096
12:00:19,1.064,0.507,0.284,0.179,0.16,0.092,0.093,0.092,0.093,0.093,1.129,0.604,0.395,0.266,0.177,0.094,0.092,0.092,0.093,0.096
12:02:19,1.062,0.507,0.284,0.179,0.16,0.092,0.093,0.093,0.093,0.093,1.127,0.604,0.395,0.265,0.178,0.094,0.092,0.092,0.093,0.096
12:04:18,1.064,0.506,0.284,0.178,0.16,0.092,0.093,0.092,0.093,0.093,1.127,0.605,0.395,0.265,0.177,0.093,0.093,0.092,0.093,0.096
12:06:19,1.064,0.506,0.283,0.178,0.16,0.092,0.093,0.092,0.093,0.093,1.127,0.604,0.395,0.267,0.177,0.094,0.092,0.092,0.093,0.096
12:08:19,1.064,0.505,0.283,0.178,0.16,0.092,0.093,0.092,0.093,0.093,1.127,0.603,0.395,0.266,0.177,0.094,0.092,0.092,0.093,0.096
12:10:19,1.064,0.505,0.283,0.178,0.16,0.092,0.093,0.092,0.093,0.093,1.125,0.603,0.394,0.265,0.177,0.093,0.092,0.092,0.093,0.096
12:12:19,1.062,0.505,0.283,0.178,0.159,0.092,0.093,0.092,0.093,0.093,1.124,0.602,0.395,0.266,0.177,0.093,0.092,0.092,0.093,0.096
12:14:19,1.062,0.505,0.283,0.177,0.159,0.092,0.094,0.092,0.093,0.093,1.125,0.603,0.395,0.266,0.177,0.093,0.093,0.092,0.093,0.096
12:16:19,1.06,0.504,0.282,0.178,0.16,0.092,0.093,0.092,0.093,0.093,1.125,0.602,0.393,0.266,0.177,0.093,0.092,0.092,0.093,0.096
12:18:19,1.062,0.503,0.282,0.178,0.159,0.092,0.093,0.092,0.093,0.093,1.125,0.601,0.394,0.266,0.177,0.093,0.092,0.092,0.093,0.096
12:20:19,1.058,0.503,0.282,0.177,0.159,0.092,0.093,0.092,0.093,0.093,1.122,0.601,0.393,0.266,0.177,0.093,0.092,0.092,0.093,0.096
12:22:19,1.06,0.503,0.282,0.178,0.159,0.092,0.093,0.092,0.093,0.093,1.123,0.601,0.394,0.265,0.177,0.094,0.092,0.092,0.093,0.096
12:24:19,1.06,0.503,0.282,0.177,0.159,0.092,0.093,0.092,0.093,0.093,1.124,0.601,0.394,0.266,0.177,0.094,0.092,0.092,0.093,0.096
12:26:19,1.06,0.503,0.281,0.178,0.159,0.092,0.093,0.092,0.094,0.093,1.124,0.6,0.393,0.266,0.177,0.094,0.093,0.092,0.093,0.096
12:28:19,1.058,0.503,0.281,0.177,0.159,0.092,0.093,0.092,0.093,0.093,1.122,0.598,0.393,0.265,0.177,0.093,0.092,0.092,0.093,0.096
12:30:19,1.058,0.502,0.281,0.177,0.16,0.092,0.093,0.092,0.093,0.093,1.122,0.599,0.392,0.266,0.177,0.093,0.092,0.092,0.093,0.096
12:32:19,1.058,0.501,0.281,0.177,0.159,0.092,0.093,0.092,0.093,0.093,1.122,0.598,0.392,0.265,0.177,0.094,0.092,0.092,0.093,0.096
12:34:20,1.056,0.501,0.281,0.177,0.159,0.092,0.093,0.092,0.093,0.093,1.12,0.6,0.393,0.266,0.177,0.094,0.092,0.092,0.093,0.096
12:36:20,1.06,0.501,0.28,0.177,0.159,0.091,0.093,0.092,0.093,0.093,1.12,0.598,0.392,0.265,0.176,0.093,0.092,0.092,0.093,0.096
12:38:20,1.056,0.501,0.28,0.177,0.16,0.092,0.093,0.092,0.093,0.093,1.122,0.6,0.391,0.265,0.177,0.093,0.092,0.092,0.092,0.096
12:40:20,1.058,0.5,0.28,0.176,0.159,0.092,0.093,0.092,0.093,0.093,1.12,0.598,0.392,0.266,0.177,0.094,0.093,0.092,0.093,0.096
12:42:20,1.056,0.499,0.28,0.177,0.158,0.092,0.093,0.092,0.093,0.093,1.119,0.598,0.392,0.265,0.177,0.094,0.092,0.092,0.093,0.096
12:44:20,1.056,0.501,0.28,0.178,0.161,0.092,0.094,0.092,0.093,0.093,1.12,0.599,0.391,0.265,0.177,0.094,0.092,0.092,0.093,0.096
12:46:20,1.054,0.498,0.28,0.176,0.158,0.092,0.093,0.092,0.094,0.093,1.116,0.598,0.392,0.265,0.177,0.094,0.093,0.092,0.093,0.096
12:48:20,1.056,0.497,0.28,0.176,0.158,0.092,0.093,0.092,0.093,0.093,1.117,0.599,0.391,0.265,0.177,0.094,0.093,0.092,0.093,0.096
12:50:20,1.056,0.496,0.279,0.176,0.158,0.092,0.093,0.092,0.093,0.093,1.118,0.596,0.392,0.265,0.177,0.094,0.092,0.092,0.093,0.096
12:52:20,1.056,0.498,0.279,0.177,0.16,0.092,0.093,0.092,0.093,0.093,1.118,0.597,0.39,0.266,0.177,0.093,0.092,0.092,0.093,0.096
12:54:20,1.054,0.496,0.278,0.176,0.158,0.092,0.093,0.092,0.093,0.093,1.117,0.596,0.391,0.264,0.177,0.093,0.092,0.092,0.093,0.096
12:56:20,1.052,0.496,0.278,0.176,0.158,0.092,0.093,0.092,0.093,0.093,1.114,0.595,0.391,0.265,0.177,0.093,0.093,0.092,0.093,0.096
12:58:20,1.052,0.495,0.278,0.175,0.158,0.092,0.094,0.092,0.094,0.093,1.117,0.596,0.39,0.265,0.177,0.094,0.093,0.092,0.093,0.096
13:00:20,1.054,0.495,0.278,0.175,0.157,0.092,0.093,0.092,0.093,0.093,1.116,0.595,0.39,0.266,0.177,0.094,0.092,0.092,0.093,0.096
13:02:20,1.054,0.495,0.278,0.175,0.157,0.092,0.093,0.092,0.093,0.093,1.114,0.595,0.391,0.265,0.176,0.093,0.092,0.092,0.093,0.096
13:04:20,1.052,0.495,0.278,0.175,0.158,0.092,0.093,0.092,0.093,0.093,1.112,0.595,0.39,0.266,0.177,0.094,0.093,0.092,0.093,0.096
13:06:20,1.052,0.494,0.277,0.175,0.158,0.092,0.093,0.092,0.093,0.093,1.112,0.594,0.39,0.265,0.176,0.093,0.092,0.092,0.093,0.096
13:08:20,1.052,0.494,0.277,0.175,0.159,0.092,0.094,0.092,0.094,0.093,1.112,0.595,0.39,0.266,0.177,0.094,0.093,0.092,0.093,0.096
13:10:20,1.052,0.493,0.278,0.175,0.158,0.092,0.094,0.092,0.094,0.093,1.114,0.593,0.389,0.265,0.177,0.094,0.092,0.092,0.093,0.096
13:12:20,1.052,0.493,0.277,0.175,0.158,0.092,0.093,0.092,0.094,0.093,1.112,0.592,0.39,0.265,0.177,0.094,0.093,0.092,0.093,0.096
13:14:20,1.052,0.493,0.277,0.175,0.158,0.092,0.093,0.092,0.093,0.093,1.112,0.593,0.389,0.266,0.177,0.094,0.092,0.092,0.093,0.096
13:16:20,1.052,0.492,0.277,0.175,0.158,0.092,0.093,0.092,0.094,0.093,1.11,0.593,0.389,0.266,0.176,0.093,0.092,0.092,0.093,0.096
13:18:20,1.052,0.491,0.276,0.175,0.158,0.092,0.093,0.093,0.094,0.093,1.11,0.592,0.389,0.265,0.176,0.094,0.093,0.092,0.093,0.096
13:20:20,1.05,0.491,0.276,0.174,0.157,0.092,0.093,0.092,0.093,0.093,1.108,0.592,0.389,0.265,0.176,0.094,0.093,0.092,0.093,0.096
13:22:20,1.052,0.491,0.276,0.174,0.157,0.092,0.093,0.092,0.093,0.093,1.11,0.592,0.388,0.265,0.176,0.094,0.092,0.092,0.093,0.096
13:24:20,1.052,0.491,0.276,0.175,0.158,0.092,0.094,0.092,0.094,0.094,1.11,0.592,0.388,0.265,0.177,0.094,0.093,0.092,0.093,0.096
13:26:20,1.048,0.491,0.275,0.174,0.157,0.092,0.093,0.092,0.093,0.093,1.106,0.591,0.388,0.265,0.177,0.094,0.092,0.092,0.093,0.096
13:28:20,1.05,0.49,0.275,0.174,0.157,0.092,0.093,0.092,0.093,0.093,1.106,0.591,0.388,0.265,0.176,0.093,0.092,0.092,0.093,0.096
13:30:20,1.052,0.491,0.276,0.175,0.157,0.092,0.093,0.092,0.093,0.093,1.108,0.588,0.388,0.266,0.177,0.094,0.092,0.092,0.093,0.096
13:32:20,1.052,0.49,0.275,0.174,0.157,0.092,0.094,0.092,0.093,0.093,1.108,0.59,0.389,0.264,0.177,0.094,0.093,0.092,0.093,0.096
13:34:20,1.052,0.49,0.275,0.174,0.157,0.092,0.093,0.092,0.093,0.093,1.104,0.59,0.388,0.264,0.176,0.093,0.092,0.092,0.093,0.096
13:36:20,1.052,0.489,0.275,0.174,0.156,0.092,0.093,0.092,0.094,0.093,1.106,0.59,0.388,0.265,0.177,0.094,0.093,0.092,0.093,0.096
13:38:20,1.052,0.489,0.275,0.174,0.157,0.092,0.093,0.092,0.093,0.093,1.106,0.589,0.388,0.265,0.177,0.094,0.092,0.092,0.093,0.096
13:40:20,1.05,0.488,0.274,0.174,0.156,0.092,0.093,0.092,0.093,0.093,1.104,0.589,0.387,0.265,0.176,0.094,0.092,0.092,0.093,0.096
13:42:20,1.05,0.489,0.274,0.174,0.157,0.092,0.093,0.092,0.093,0.093,1.104,0.59,0.387,0.264,0.177,0.094,0.093,0.092,0.093,0.096
13:44:20,1.05,0.488,0.274,0.174,0.157,0.092,0.093,0.092,0.093,0.093,1.102,0.588,0.386,0.264,0.176,0.093,0.092,0.092,0.093,0.096
13:46:20,1.05,0.488,0.274,0.174,0.157,0.092,0.093,0.092,0.094,0.093,1.102,0.588,0.387,0.265,0.176,0.094,0.093,0.092,0.093,0.096
13:48:20,1.05,0.487,0.274,0.173,0.157,0.092,0.093,0.092,0.093,0.093,1.104,0.587,0.387,0.265,0.176,0.093,0.092,0.092,0.093,0.096
13:50:19,1.05,0.486,0.274,0.174,0.157,0.092,0.093,0.092,0.094,0.093,1.102,0.587,0.387,0.264,0.176,0.094,0.092,0.092,0.093,0.096
13:52:20,1.05,0.486,0.273,0.173,0.156,0.092,0.093,0.092,0.093,0.093,1.102,0.587,0.387,0.264,0.176,0.093,0.092,0.092,0.093,0.096
13:54:20,1.046,0.486,0.273,0.173,0.156,0.092,0.093,0.092,0.093,0.093,1.102,0.587,0.386,0.265,0.176,0.094,0.092,0.092,0.093,0.096
13:56:20,1.048,0.486,0.273,0.173,0.156,0.092,0.093,0.092,0.094,0.093,1.102,0.586,0.387,0.264,0.176,0.094,0.093,0.092,0.093,0.096
13:58:20,1.046,0.486,0.273,0.173,0.155,0.092,0.093,0.092,0.093,0.093,1.102,0.586,0.386,0.264,0.176,0.093,0.092,0.092,0.093,0.096
14:00:20,1.048,0.484,0.273,0.173,0.155,0.092,0.093,0.092,0.093,0.093,1.1,0.586,0.387,0.265,0.176,0.093,0.092,0.092,0.093,0.096
14:02:20,1.046,0.484,0.272,0.172,0.155,0.092,0.093,0.092,0.093,0.093,1.1,0.586,0.386,0.264,0.176,0.093,0.092,0.092,0.093,0.096
14:04:20,1.048,0.485,0.272,0.173,0.157,0.092,0.093,0.092,0.094,0.093,1.1,0.585,0.386,0.265,0.176,0.094,0.093,0.092,0.093,0.096
14:06:20,1.048,0.483,0.272,0.173,0.156,0.092,0.093,0.092,0.094,0.093,1.1,0.586,0.385,0.264,0.176,0.094,0.093,0.092,0.093,0.096
14:08:20,1.048,0.483,0.272,0.173,0.155,0.092,0.093,0.092,0.093,0.093,1.1,0.585,0.386,0.265,0.176,0.093,0.093,0.092,0.093,0.096
14:10:20,1.046,0.482,0.272,0.172,0.156,0.092,0.094,0.092,0.093,0.093,1.096,0.584,0.385,0.264,0.176,0.094,0.092,0.092,0.093,0.096
14:12:20,1.046,0.482,0.272,0.172,0.155,0.092,0.093,0.092,0.093,0.093,1.096,0.583,0.385,0.264,0.176,0.093,0.092,0.092,0.093,0.096
14:14:20,1.048,0.483,0.271,0.172,0.156,0.092,0.093,0.092,0.093,0.093,1.098,0.584,0.385,0.264,0.176,0.093,0.092,0.092,0.093,0.096
14:16:20,1.048,0.482,0.271,0.172,0.156,0.092,0.094,0.092,0.093,0.093,1.098,0.585,0.385,0.264,0.176,0.094,0.092,0.092,0.093,0.096
14:18:20,1.048,0.482,0.271,0.173,0.156,0.092,0.093,0.092,0.093,0.093,1.098,0.584,0.385,0.264,0.176,0.094,0.093,0.092,0.093,0.096
14:20:20,1.044,0.481,0.271,0.172,0.155,0.092,0.093,0.092,0.093,0.093,1.094,0.583,0.385,0.264,0.176,0.094,0.092,0.092,0.093,0.096
14:22:20,1.044,0.482,0.271,0.172,0.155,0.092,0.094,0.092,0.094,0.093,1.096,0.584,0.385,0.264,0.176,0.094,0.093,0.092,0.093,0.096
14:24:20,1.046,0.481,0.271,0.172,0.155,0.092,0.093,0.092,0.093,0.093,1.096,0.584,0.385,0.264,0.176,0.094,0.093,0.092,0.093,0.096
14:26:20,1.044,0.481,0.27,0.173,0.157,0.092,0.094,0.092,0.094,0.094,1.094,0.583,0.385,0.264,0.176,0.094,0.093,0.093,0.094,0.096
14:28:20,1.048,0.48,0.27,0.172,0.155,0.092,0.093,0.092,0.093,0.093,1.096,0.582,0.384,0.264,0.176,0.094,0.092,0.092,0.093,0.096
14:30:20,1.048,0.481,0.271,0.172,0.156,0.092,0.094,0.092,0.094,0.093,1.096,0.582,0.384,0.265,0.177,0.094,0.093,0.092,0.093,0.096
14:32:20,1.048,0.48,0.27,0.172,0.155,0.092,0.093,0.092,0.093,0.093,1.092,0.581,0.384,0.264,0.176,0.093,0.092,0.092,0.093,0.096
14:34:20,1.046,0.48,0.27,0.171,0.155,0.092,0.094,0.092,0.093,0.093,1.094,0.581,0.384,0.264,0.176,0.094,0.093,0.092,0.093,0.096
14:36:20,1.046,0.479,0.269,0.172,0.156,0.092,0.093,0.092,0.093,0.093,1.092,0.581,0.383,0.264,0.176,0.093,0.092,0.092,0.093,0.096
14:38:20,1.046,0.479,0.27,0.171,0.155,0.092,0.093,0.092,0.093,0.093,1.092,0.58,0.384,0.263,0.175,0.094,0.092,0.092,0.093,0.096
14:40:20,1.046,0.478,0.269,0.171,0.155,0.092,0.093,0.092,0.093,0.093,1.09,0.58,0.383,0.265,0.175,0.093,0.092,0.092,0.093,0.096
14:42:20,1.046,0.477,0.269,0.171,0.155,0.092,0.093,0.092,0.093,0.093,1.092,0.58,0.382,0.264,0.176,0.094,0.092,0.092,0.093,0.096
14:44:20,1.044,0.478,0.269,0.171,0.155,0.092,0.094,0.092,0.093,0.093,1.09,0.581,0.383,0.264,0.176,0.094,0.093,0.092,0.093,0.096
14:46:20,1.044,0.478,0.269,0.172,0.155,0.092,0.094,0.092,0.094,0.094,1.088,0.58,0.383,0.264,0.176,0.094,0.093,0.092,0.093,0.096
14:48:20,1.048,0.478,0.269,0.171,0.154,0.092,0.093,0.092,0.094,0.093,1.092,0.581,0.383,0.263,0.176,0.094,0.093,0.094,0.093,0.096
14:50:20,1.046,0.478,0.269,0.172,0.155,0.092,0.093,0.092,0.094,0.093,1.092,0.58,0.382,0.264,0.176,0.094,0.092,0.092,0.093,0.096
14:52:20,1.042,0.476,0.268,0.171,0.155,0.092,0.094,0.093,0.094,0.094,1.09,0.579,0.383,0.264,0.176,0.094,0.093,0.093,0.093,0.097
14:54:20,1.042,0.475,0.268,0.17,0.155,0.092,0.093,0.092,0.093,0.093,1.086,0.578,0.382,0.263,0.175,0.094,0.093,0.092,0.093,0.096
14:56:20,1.046,0.477,0.269,0.171,0.154,0.092,0.093,0.092,0.094,0.093,1.088,0.579,0.382,0.264,0.176,0.094,0.092,0.092,0.093,0.096
14:58:20,1.044,0.476,0.268,0.171,0.154,0.092,0.093,0.092,0.094,0.093,1.088,0.577,0.381,0.264,0.176,0.094,0.093,0.092,0.093,0.096
15:00:20,1.044,0.475,0.267,0.17,0.153,0.092,0.093,0.092,0.093,0.093,1.086,0.577,0.381,0.263,0.175,0.093,0.092,0.092,0.093,0.095
15:02:20,1.044,0.475,0.268,0.17,0.153,0.092,0.093,0.092,0.093,0.093,1.088,0.577,0.381,0.263,0.176,0.094,0.092,0.092,0.093,0.096
15:04:20,1.042,0.475,0.268,0.171,0.154,0.092,0.093,0.092,0.093,0.093,1.088,0.578,0.381,0.264,0.176,0.094,0.092,0.092,0.093,0.096
15:06:20,1.044,0.474,0.267,0.17,0.153,0.092,0.093,0.092,0.093,0.093,1.086,0.577,0.381,0.263,0.176,0.094,0.092,0.092,0.093,0.096
15:08:20,1.044,0.473,0.267,0.17,0.154,0.092,0.093,0.092,0.093,0.093,1.086,0.576,0.381,0.263,0.176,0.093,0.092,0.092,0.093,0.096
15:10:20,1.042,0.474,0.267,0.17,0.153,0.092,0.094,0.092,0.093,0.093,1.084,0.576,0.381,0.263,0.176,0.094,0.092,0.092,0.093,0.096
15:12:20,1.04,0.474,0.267,0.17,0.153,0.092,0.093,0.092,0.093,0.093,1.084,0.577,0.381,0.263,0.176,0.094,0.093,0.092,0.093,0.096
15:14:20,1.044,0.473,0.267,0.171,0.154,0.092,0.093,0.092,0.093,0.093,1.086,0.577,0.38,0.264,0.176,0.094,0.093,0.092,0.093,0.096
15:16:20,1.044,0.473,0.267,0.17,0.152,0.092,0.094,0.092,0.094,0.093,1.084,0.577,0.381,0.264,0.176,0.094,0.093,0.092,0.093,0.096
15:18:20,1.042,0.472,0.267,0.17,0.152,0.092,0.093,0.092,0.094,0.094,1.084,0.578,0.38,0.264,0.176,0.094,0.092,0.092,0.093,0.096
15:20:20,1.044,0.473,0.267,0.17,0.152,0.092,0.094,0.092,0.094,0.093,1.084,0.576,0.38,0.264,0.176,0.094,0.093,0.092,0.093,0.096
15:22:20,1.042,0.472,0.267,0.17,0.153,0.092,0.094,0.092,0.094,0.093,1.086,0.578,0.381,0.263,0.176,0.094,0.093,0.092,0.094,0.096
15:24:20,1.038,0.472,0.266,0.17,0.152,0.092,0.094,0.092,0.093,0.093,1.082,0.577,0.38,0.264,0.176,0.094,0.093,0.092,0.093,0.096
15:26:20,1.042,0.471,0.266,0.169,0.152,0.092,0.094,0.092,0.093,0.093,1.084,0.576,0.38,0.263,0.176,0.094,0.092,0.092,0.093,0.096
15:28:20,1.042,0.47,0.265,0.169,0.151,0.092,0.093,0.092,0.093,0.093,1.08,0.575,0.379,0.263,0.175,0.093,0.092,0.092,0.093,0.096
15:30:20,1.042,0.47,0.265,0.169,0.152,0.092,0.094,0.092,0.093,0.093,1.084,0.575,0.379,0.264,0.176,0.094,0.092,0.092,0.093,0.096
15:32:20,1.044,0.47,0.266,0.169,0.151,0.092,0.094,0.092,0.094,0.093,1.08,0.575,0.38,0.264,0.176,0.094,0.093,0.092,0.093,0.096
15:34:20,1.04,0.469,0.265,0.169,0.15,0.092,0.093,0.092,0.093,0.093,1.082,0.575,0.378,0.262,0.175,0.093,0.092,0.092,0.093,0.096
15:36:20,1.04,0.47,0.265,0.169,0.15,0.092,0.093,0.092,0.094,0.093,1.08,0.574,0.38,0.263,0.176,0.094,0.093,0.092,0.093,0.096
15:38:19,1.04,0.469,0.265,0.169,0.151,0.092,0.093,0.092,0.093,0.093,1.08,0.574,0.379,0.263,0.176,0.093,0.093,0.092,0.093,0.096
15:40:19,1.04,0.469,0.265,0.17,0.151,0.092,0.093,0.092,0.093,0.093,1.082,0.574,0.379,0.263,0.175,0.093,0.092,0.092,0.093,0.096
15:42:20,1.04,0.468,0.264,0.169,0.151,0.092,0.093,0.092,0.093,0.093,1.08,0.573,0.378,0.263,0.175,0.093,0.092,0.092,0.093,0.096
15:44:20,1.042,0.469,0.265,0.17,0.151,0.092,0.094,0.092,0.094,0.093,1.08,0.573,0.378,0.263,0.176,0.094,0.093,0.092,0.093,0.096
15:46:20,1.04,0.468,0.264,0.169,0.15,0.092,0.093,0.092,0.093,0.093,1.08,0.573,0.379,0.263,0.176,0.094,0.093,0.092,0.093,0.096
15:48:20,1.04,0.467,0.264,0.169,0.15,0.092,0.093,0.092,0.093,0.093,1.08,0.573,0.378,0.263,0.175,0.093,0.092,0.092,0.093,0.096
15:50:20,1.04,0.467,0.265,0.169,0.149,0.092,0.093,0.093,0.093,0.093,1.08,0.573,0.378,0.263,0.176,0.094,0.093,0.092,0.093,0.096
15:52:20,1.038,0.466,0.263,0.169,0.15,0.092,0.094,0.093,0.094,0.094,1.078,0.572,0.379,0.263,0.175,0.094,0.093,0.093,0.094,0.097
15:54:20,1.038,0.466,0.264,0.168,0.149,0.092,0.094,0.092,0.093,0.093,1.078,0.572,0.378,0.263,0.176,0.094,0.093,0.092,0.093,0.096
15:56:20,1.038,0.467,0.264,0.169,0.15,0.092,0.093,0.092,0.093,0.093,1.076,0.572,0.378,0.263,0.176,0.094,0.093,0.092,0.093,0.096
15:58:20,1.038,0.466,0.264,0.168,0.15,0.092,0.093,0.092,0.094,0.093,1.076,0.572,0.378,0.263,0.175,0.094,0.093,0.092,0.093,0.096
16:00:20,1.036,0.466,0.263,0.168,0.149,0.092,0.093,0.092,0.093,0.093,1.08,0.572,0.378,0.263,0.176,0.093,0.093,0.092,0.093,0.096
16:02:20,1.038,0.465,0.263,0.168,0.149,0.092,0.093,0.092,0.093,0.093,1.076,0.572,0.377,0.264,0.176,0.093,0.092,0.092,0.093,0.096
16:04:20,1.04,0.467,0.263,0.169,0.15,0.092,0.093,0.092,0.094,0.093,1.076,0.571,0.378,0.263,0.176,0.094,0.092,0.092,0.093,0.096
16:06:20,1.038,0.465,0.263,0.168,0.149,0.092,0.093,0.092,0.093,0.093,1.076,0.571,0.377,0.263,0.176,0.094,0.092,0.092,0.093,0.096
16:08:20,1.034,0.464,0.263,0.168,0.149,0.092,0.093,0.092,0.093,0.093,1.076,0.571,0.377,0.264,0.175,0.093,0.093,0.092,0.093,0.096
16:10:20,1.034,0.465,0.263,0.168,0.149,0.092,0.094,0.092,0.094,0.093,1.072,0.571,0.377,0.263,0.176,0.094,0.093,0.092,0.093,0.096
16:12:20,1.036,0.465,0.263,0.168,0.149,0.092,0.093,0.092,0.093,0.093,1.072,0.571,0.377,0.263,0.176,0.094,0.093,0.092,0.093,0.096
16:14:20,1.034,0.465,0.262,0.168,0.148,0.092,0.093,0.092,0.093,0.093,1.072,0.571,0.376,0.263,0.176,0.094,0.093,0.092,0.093,0.096
16:16:20,1.038,0.464,0.262,0.168,0.149,0.092,0.093,0.092,0.094,0.093,1.074,0.57,0.376,0.262,0.176,0.094,0.093,0.092,0.093,0.096
16:18:20,1.034,0.463,0.262,0.167,0.148,0.092,0.093,0.092,0.093,0.093,1.074,0.569,0.376,0.262,0.176,0.093,0.092,0.092,0.093,0.096
16:20:20,1.036,0.464,0.262,0.168,0.149,0.092,0.094,0.093,0.094,0.094,1.072,0.569,0.376,0.263,0.176,0.094,0.093,0.093,0.093,0.096
16:22:20,1.036,0.464,0.262,0.168,0.149,0.092,0.093,0.092,0.093,0.093,1.072,0.57,0.376,0.262,0.175,0.093,0.092,0.092,0.093,0.096
16:24:21,1.032,0.463,0.262,0.167,0.149,0.092,0.093,0.092,0.093,0.093,1.07,0.569,0.375,0.262,0.175,0.093,0.093,0.092,0.093,0.096
16:26:21,1.034,0.463,0.262,0.168,0.149,0.092,0.094,0.092,0.093,0.093,1.07,0.569,0.375,0.263,0.175,0.094,0.092,0.092,0.093,0.096
16:28:21,1.034,0.462,0.261,0.167,0.148,0.092,0.093,0.092,0.093,0.093,1.07,0.568,0.375,0.262,0.176,0.094,0.092,0.092,0.093,0.096
16:30:21,1.034,0.461,0.261,0.167,0.148,0.092,0.093,0.092,0.093,0.093,1.07,0.568,0.376,0.262,0.175,0.094,0.092,0.092,0.093,0.096
16:32:21,1.032,0.461,0.261,0.167,0.148,0.092,0.094,0.092,0.093,0.093,1.07,0.568,0.375,0.263,0.175,0.094,0.092,0.092,0.093,0.096
16:34:21,1.034,0.461,0.261,0.168,0.148,0.092,0.094,0.092,0.094,0.093,1.07,0.568,0.374,0.263,0.176,0.094,0.093,0.092,0.093,0.096
16:36:21,1.032,0.46,0.261,0.167,0.148,0.092,0.093,0.092,0.093,0.093,1.068,0.569,0.375,0.262,0.175,0.093,0.092,0.092,0.093,0.096
16:38:21,1.036,0.46,0.261,0.167,0.148,0.092,0.093,0.092,0.093,0.093,1.07,0.568,0.374,0.262,0.176,0.094,0.092,0.092,0.093,0.096
16:40:21,1.036,0.461,0.261,0.167,0.148,0.092,0.093,0.092,0.094,0.093,1.068,0.567,0.374,0.262,0.175,0.094,0.093,0.092,0.093,0.096
16:42:21,1.034,0.46,0.26,0.167,0.148,0.092,0.093,0.092,0.093,0.093,1.068,0.567,0.374,0.262,0.175,0.094,0.092,0.092,0.093,0.096
16:44:21,1.036,0.46,0.261,0.167,0.148,0.092,0.094,0.092,0.094,0.093,1.068,0.567,0.374,0.263,0.175,0.094,0.093,0.092,0.093,0.096
16:46:21,1.036,0.459,0.26,0.167,0.148,0.092,0.094,0.092,0.093,0.093,1.068,0.567,0.374,0.264,0.175,0.093,0.093,0.092,0.093,0.096
16:48:21,1.032,0.459,0.261,0.167,0.148,0.092,0.094,0.092,0.094,0.093,1.068,0.568,0.374,0.263,0.176,0.094,0.093,0.092,0.093,0.096
16:50:21,1.036,0.459,0.26,0.167,0.148,0.092,0.093,0.092,0.093,0.093,1.064,0.567,0.373,0.262,0.175,0.094,0.092,0.092,0.093,0.096
16:52:21,1.03,0.458,0.26,0.167,0.148,0.092,0.094,0.093,0.094,0.093,1.064,0.567,0.374,0.263,0.175,0.094,0.093,0.092,0.093,0.096
16:54:21,1.034,0.459,0.26,0.167,0.148,0.092,0.093,0.092,0.094,0.093,1.064,0.566,0.373,0.262,0.175,0.094,0.093,0.092,0.093,0.096
16:56:21,1.032,0.458,0.26,0.166,0.148,0.092,0.094,0.092,0.094,0.093,1.066,0.566,0.372,0.262,0.175,0.094,0.092,0.092,0.093,0.096
16:58:21,1.034,0.457,0.259,0.167,0.148,0.092,0.093,0.092,0.094,0.093,1.066,0.566,0.373,0.262,0.175,0.094,0.092,0.092,0.093,0.096
17:00:21,1.036,0.459,0.26,0.167,0.148,0.092,0.093,0.092,0.093,0.093,1.066,0.565,0.373,0.263,0.176,0.094,0.093,0.092,0.093,0.096
17:02:21,1.032,0.457,0.259,0.167,0.148,0.092,0.093,0.092,0.093,0.093,1.064,0.566,0.372,0.263,0.175,0.094,0.093,0.092,0.093,0.096
17:04:21,1.03,0.459,0.26,0.167,0.148,0.092,0.093,0.092,0.093,0.093,1.064,0.566,0.372,0.262,0.175,0.094,0.092,0.092,0.093,0.096
17:06:21,1.028,0.457,0.259,0.166,0.147,0.092,0.094,0.092,0.094,0.093,1.064,0.566,0.372,0.263,0.175,0.094,0.093,0.092,0.093,0.096
17:08:21,1.03,0.457,0.259,0.166,0.147,0.092,0.093,0.092,0.093,0.093,1.062,0.566,0.372,0.262,0.175,0.093,0.092,0.092,0.093,0.096
17:10:21,1.028,0.456,0.259,0.166,0.147,0.092,0.093,0.092,0.094,0.093,1.062,0.566,0.371,0.262,0.175,0.094,0.093,0.092,0.093,0.096
17:12:21,1.026,0.455,0.259,0.166,0.147,0.092,0.093,0.092,0.093,0.093,1.06,0.565,0.372,0.262,0.175,0.093,0.093,0.092,0.093,0.096
17:14:21,1.03,0.457,0.259,0.167,0.147,0.092,0.094,0.092,0.093,0.093,1.062,0.566,0.371,0.262,0.176,0.094,0.093,0.092,0.093,0.096
17:16:21,1.03,0.454,0.258,0.166,0.147,0.092,0.093,0.092,0.094,0.094,1.06,0.566,0.371,0.262,0.175,0.094,0.093,0.092,0.093,0.096
17:18:21,1.028,0.456,0.258,0.166,0.147,0.092,0.093,0.092,0.093,0.093,1.06,0.566,0.371,0.262,0.175,0.094,0.092,0.092,0.093,0.096
17:20:21,1.02,0.453,0.258,0.165,0.147,0.092,0.093,0.092,0.093,0.093,1.058,0.566,0.371,0.262,0.175,0.094,0.093,0.092,0.093,0.096
17:22:21,1.026,0.454,0.258,0.165,0.147,0.092,0.093,0.092,0.093,0.093,1.06,0.566,0.371,0.263,0.175,0.093,0.093,0.092,0.093,0.096
17:24:21,1.028,0.454,0.258,0.166,0.147,0.092,0.093,0.092,0.094,0.094,1.06,0.566,0.37,0.262,0.175,0.094,0.093,0.093,0.093,0.096
17:26:21,1.032,0.455,0.258,0.166,0.147,0.092,0.094,0.092,0.094,0.093,1.06,0.565,0.371,0.262,0.175,0.094,0.093,0.092,0.093,0.096
17:28:21,1.028,0.454,0.258,0.166,0.147,0.092,0.094,0.092,0.093,0.093,1.058,0.566,0.371,0.263,0.175,0.094,0.093,0.092,0.093,0.096
17:30:21,1.03,0.454,0.258,0.166,0.148,0.092,0.093,0.092,0.093,0.093,1.06,0.566,0.37,0.262,0.175,0.094,0.093,0.092,0.093,0.096
17:32:21,1.028,0.453,0.257,0.165,0.148,0.092,0.094,0.092,0.093,0.093,1.058,0.566,0.369,0.262,0.175,0.094,0.093,0.092,0.093,0.096
17:34:21,1.026,0.452,0.257,0.165,0.148,0.092,0.093,0.092,0.093,0.093,1.058,0.566,0.369,0.261,0.175,0.093,0.092,0.092,0.093,0.096
17:36:21,1.028,0.455,0.258,0.166,0.15,0.092,0.093,0.092,0.093,0.093,1.058,0.566,0.369,0.262,0.175,0.094,0.092,0.092,0.093,0.096
17:38:21,1.024,0.453,0.257,0.165,0.148,0.092,0.094,0.092,0.093,0.093,1.058,0.564,0.37,0.261,0.175,0.094,0.092,0.092,0.093,0.096
17:40:21,1.026,0.452,0.257,0.165,0.148,0.092,0.093,0.092,0.094,0.093,1.058,0.565,0.369,0.261,0.175,0.094,0.093,0.092,0.093,0.096
17:42:21,1.03,0.454,0.257,0.166,0.15,0.092,0.094,0.093,0.094,0.094,1.056,0.565,0.369,0.262,0.175,0.094,0.093,0.092,0.093,0.096
17:44:21,1.018,0.453,0.257,0.166,0.151,0.092,0.094,0.093,0.094,0.094,1.054,0.565,0.368,0.262,0.175,0.094,0.093,0.093,0.094,0.096
17:46:21,1.026,0.453,0.257,0.165,0.149,0.092,0.093,0.092,0.094,0.093,1.056,0.564,0.369,0.262,0.175,0.094,0.093,0.092,0.093,0.096
17:48:20,1.026,0.452,0.257,0.165,0.15,0.092,0.093,0.092,0.093,0.093,1.056,0.566,0.368,0.263,0.175,0.093,0.093,0.092,0.093,0.096
17:50:21,1.022,0.452,0.256,0.165,0.149,0.092,0.093,0.092,0.093,0.093,1.054,0.565,0.369,0.261,0.175,0.094,0.093,0.092,0.093,0.096
17:52:21,1.026,0.451,0.256,0.164,0.149,0.092,0.093,0.092,0.093,0.093,1.056,0.566,0.368,0.262,0.176,0.094,0.093,0.092,0.093,0.096
17:54:21,1.026,0.451,0.256,0.165,0.149,0.092,0.093,0.092,0.094,0.093,1.054,0.565,0.368,0.261,0.175,0.093,0.092,0.092,0.093,0.096
17:56:21,1.024,0.45,0.256,0.164,0.149,0.092,0.093,0.092,0.093,0.093,1.054,0.564,0.368,0.261,0.175,0.093,0.092,0.092,0.093,0.096
17:58:21,1.024,0.451,0.256,0.165,0.15,0.092,0.093,0.092,0.094,0.093,1.056,0.564,0.368,0.261,0.175,0.094,0.092,0.092,0.093,0.096
18:00:21,1.024,0.45,0.256,0.164,0.15,0.092,0.094,0.092,0.094,0.093,1.054,0.564,0.367,0.261,0.175,0.094,0.093,0.092,0.093,0.096
18:02:21,1.022,0.45,0.256,0.165,0.15,0.092,0.093,0.092,0.094,0.093,1.054,0.565,0.367,0.262,0.175,0.094,0.093,0.092,0.093,0.096
18:04:21,1.024,0.45,0.256,0.165,0.15,0.092,0.094,0.092,0.094,0.093,1.054,0.565,0.367,0.262,0.175,0.094,0.093,0.092,0.093,0.096
18:06:21,1.022,0.449,0.256,0.165,0.151,0.092,0.094,0.092,0.094,0.093,1.052,0.565,0.368,0.262,0.176,0.094,0.093,0.092,0.093,0.096
18:08:21,1.02,0.449,0.255,0.164,0.15,0.092,0.093,0.092,0.093,0.093,1.052,0.564,0.367,0.261,0.175,0.093,0.092,0.092,0.093,0.096
18:10:21,1.02,0.449,0.255,0.164,0.149,0.092,0.093,0.092,0.094,0.093,1.052,0.563,0.366,0.261,0.175,0.094,0.093,0.092,0.093,0.096
18:12:21,1.02,0.448,0.255,0.164,0.15,0.092,0.093,0.092,0.093,0.093,1.052,0.563,0.367,0.261,0.175,0.094,0.093,0.092,0.093,0.096
18:14:21,1.022,0.449,0.255,0.165,0.15,0.092,0.094,0.092,0.094,0.093,1.052,0.564,0.367,0.261,0.175,0.094,0.093,0.092,0.093,0.096
18:16:21,1.02,0.448,0.255,0.164,0.151,0.092,0.093,0.092,0.093,0.093,1.052,0.562,0.366,0.261,0.175,0.094,0.093,0.092,0.093,0.096
18:18:21,1.022,0.448,0.255,0.164,0.15,0.092,0.093,0.092,0.093,0.093,1.052,0.563,0.366,0.263,0.175,0.094,0.092,0.092,0.093,0.096
18:20:21,1.02,0.448,0.255,0.164,0.149,0.092,0.093,0.092,0.093,0.093,1.05,0.562,0.366,0.261,0.175,0.094,0.092,0.092,0.093,0.096
18:22:21,1.02,0.447,0.254,0.164,0.15,0.092,0.093,0.092,0.093,0.093,1.052,0.563,0.366,0.261,0.175,0.094,0.093,0.092,0.093,0.096
18:24:21,1.018,0.447,0.254,0.164,0.151,0.092,0.093,0.092,0.094,0.093,1.05,0.563,0.366,0.261,0.175,0.094,0.093,0.092,0.093,0.096
18:26:21,1.014,0.447,0.254,0.164,0.153,0.092,0.094,0.093,0.094,0.094,1.046,0.562,0.365,0.262,0.175,0.094,0.093,0.092,0.094,0.096
18:28:21,1.018,0.446,0.254,0.163,0.151,0.092,0.093,0.092,0.094,0.093,1.048,0.561,0.366,0.261,0.175,0.094,0.092,0.092,0.093,0.096
18:30:21,1.018,0.448,0.255,0.164,0.152,0.092,0.093,0.092,0.094,0.093,1.048,0.562,0.365,0.261,0.175,0.093,0.092,0.092,0.093,0.096
18:32:21,1.018,0.446,0.254,0.164,0.15,0.092,0.093,0.092,0.093,0.093,1.05,0.562,0.365,0.261,0.175,0.094,0.092,0.092,0.093,0.096
18:34:21,1.018,0.446,0.254,0.164,0.15,0.092,0.093,0.092,0.093,0.093,1.048,0.562,0.365,0.261,0.175,0.093,0.092,0.092,0.093,0.096
18:36:21,1.018,0.445,0.253,0.163,0.15,0.092,0.093,0.092,0.093,0.094,1.048,0.561,0.365,0.261,0.175,0.094,0.093,0.092,0.093,0.096
18:38:21,1.018,0.445,0.254,0.164,0.151,0.092,0.094,0.092,0.093,0.093,1.048,0.561,0.365,0.261,0.175,0.094,0.093,0.092,0.093,0.096
18:40:21,1.016,0.446,0.254,0.164,0.15,0.093,0.093,0.093,0.094,0.093,1.046,0.561,0.365,0.261,0.175,0.094,0.093,0.092,0.093,0.096
18:42:21,1.018,0.445,0.254,0.163,0.151,0.092,0.093,0.092,0.093,0.093,1.046,0.561,0.364,0.261,0.175,0.094,0.093,0.092,0.093,0.096
18:44:21,1.014,0.446,0.254,0.164,0.149,0.092,0.094,0.092,0.094,0.093,1.046,0.56,0.365,0.261,0.175,0.094,0.093,0.092,0.093,0.096
18:46:21,1.016,0.444,0.253,0.163,0.149,0.092,0.094,0.092,0.094,0.094,1.044,0.56,0.364,0.261,0.175,0.094,0.093,0.092,0.093,0.096
18:48:21,1.016,0.444,0.253,0.163,0.15,0.092,0.094,0.092,0.093,0.093,1.046,0.561,0.364,0.261,0.175,0.094,0.093,0.092,0.093,0.096
18:50:21,1.014,0.444,0.253,0.163,0.15,0.092,0.093,0.092,0.093,0.093,1.046,0.56,0.363,0.26,0.174,0.093,0.092,0.092,0.092,0.096
18:52:21,1.014,0.444,0.253,0.163,0.151,0.092,0.093,0.092,0.093,0.093,1.042,0.559,0.363,0.261,0.174,0.094,0.092,0.092,0.093,0.096
18:54:21,1.016,0.443,0.253,0.163,0.151,0.092,0.093,0.092,0.094,0.093,1.044,0.56,0.363,0.261,0.175,0.094,0.092,0.092,0.093,0.096
18:56:21,1.014,0.444,0.253,0.163,0.151,0.092,0.093,0.092,0.094,0.093,1.042,0.559,0.363,0.261,0.175,0.094,0.092,0.092,0.093,0.096
18:58:21,1.016,0.444,0.253,0.163,0.149,0.092,0.093,0.092,0.093,0.093,1.044,0.559,0.363,0.261,0.175,0.094,0.092,0.092,0.093,0.096
19:00:21,1.014,0.443,0.253,0.163,0.151,0.092,0.094,0.092,0.094,0.093,1.042,0.559,0.363,0.261,0.175,0.094,0.093,0.092,0.093,0.096
19:02:21,1.01,0.443,0.253,0.163,0.15,0.092,0.094,0.093,0.094,0.094,1.042,0.56,0.363,0.261,0.175,0.094,0.093,0.093,0.093,0.096
19:04:21,1.012,0.443,0.253,0.163,0.15,0.092,0.093,0.092,0.094,0.093,1.042,0.558,0.363,0.26,0.175,0.093,0.092,0.092,0.093,0.096
19:06:21,1.014,0.443,0.253,0.163,0.15,0.092,0.094,0.092,0.094,0.093,1.042,0.558,0.362,0.261,0.175,0.094,0.092,0.092,0.093,0.096
19:08:21,1.012,0.442,0.252,0.163,0.15,0.092,0.093,0.092,0.093,0.093,1.042,0.558,0.361,0.261,0.175,0.093,0.092,0.092,0.093,0.096
19:10:21,1.01,0.442,0.252,0.163,0.15,0.092,0.094,0.092,0.093,0.093,1.04,0.558,0.362,0.261,0.175,0.094,0.092,0.092,0.093,0.096
19:12:21,1.012,0.442,0.252,0.163,0.149,0.092,0.093,0.092,0.093,0.093,1.042,0.56,0.362,0.261,0.175,0.094,0.093,0.092,0.093,0.096
19:14:21,1.012,0.441,0.252,0.162,0.148,0.092,0.093,0.092,0.094,0.093,1.042,0.558,0.361,0.26,0.175,0.094,0.093,0.092,0.093,0.096
19:16:20,1.01,0.441,0.252,0.162,0.148,0.092,0.093,0.092,0.093,0.093,1.038,0.557,0.362,0.26,0.174,0.094,0.092,0.092,0.093,0.096
19:18:21,1.012,0.441,0.252,0.162,0.15,0.092,0.093,0.092,0.093,0.093,1.038,0.558,0.361,0.261,0.175,0.094,0.092,0.092,0.093,0.096
19:20:21,1.012,0.441,0.252,0.163,0.149,0.092,0.094,0.092,0.094,0.093,1.038,0.558,0.361,0.26,0.175,0.094,0.093,0.093,0.093,0.096
19:22:21,1.008,0.442,0.252,0.162,0.15,0.092,0.094,0.092,0.094,0.093,1.038,0.558,0.361,0.261,0.175,0.094,0.093,0.092,0.093,0.096
19:24:21,1.012,0.44,0.251,0.162,0.15,0.092,0.093,0.092,0.093,0.093,1.038,0.556,0.36,0.26,0.174,0.093,0.092,0.092,0.093,0.096
19:26:21,1.012,0.44,0.251,0.162,0.15,0.092,0.094,0.092,0.093,0.094,1.04,0.557,0.36,0.26,0.175,0.094,0.093,0.092,0.093,0.096
19:28:21,1.008,0.439,0.251,0.162,0.15,0.092,0.093,0.092,0.093,0.093,1.038,0.557,0.36,0.26,0.174,0.094,0.093,0.092,0.093,0.096
19:30:21,1.01,0.44,0.251,0.162,0.149,0.092,0.093,0.092,0.093,0.093,1.036,0.556,0.36,0.26,0.175,0.094,0.093,0.092,0.093,0.096
19:32:21,1.008,0.439,0.251,0.162,0.15,0.092,0.094,0.092,0.093,0.093,1.036,0.556,0.36,0.26,0.175,0.094,0.093,0.092,0.093,0.096
19:34:21,1.01,0.439,0.251,0.162,0.15,0.092,0.094,0.092,0.093,0.093,1.038,0.556,0.36,0.261,0.175,0.094,0.093,0.092,0.093,0.096
19:36:21,1.004,0.439,0.251,0.162,0.148,0.092,0.093,0.092,0.094,0.093,1.036,0.555,0.36,0.26,0.174,0.094,0.093,0.092,0.093,0.096
19:38:21,1.008,0.439,0.251,0.162,0.15,0.092,0.094,0.093,0.094,0.093,1.034,0.554,0.36,0.26,0.174,0.094,0.093,0.092,0.093,0.097
19:40:21,1.008,0.439,0.251,0.162,0.149,0.092,0.093,0.092,0.094,0.093,1.034,0.556,0.359,0.261,0.174,0.094,0.093,0.092,0.093,0.096
19:42:21,1.008,0.438,0.251,0.162,0.152,0.092,0.094,0.093,0.094,0.093,1.034,0.556,0.359,0.26,0.174,0.094,0.093,0.093,0.093,0.096
19:44:21,1.006,0.439,0.251,0.162,0.15,0.092,0.094,0.092,0.093,0.093,1.034,0.556,0.36,0.261,0.175,0.094,0.093,0.092,0.093,0.096
19:46:21,1,0.437,0.25,0.162,0.151,0.092,0.094,0.092,0.094,0.094,1.032,0.555,0.359,0.26,0.174,0.094,0.093,0.093,0.093,0.096
19:48:21,1.004,0.438,0.25,0.161,0.148,0.092,0.093,0.093,0.094,0.093,1.032,0.555,0.359,0.261,0.174,0.094,0.092,0.092,0.093,0.096
19:50:22,1.008,0.438,0.25,0.162,0.148,0.092,0.093,0.092,0.093,0.093,1.034,0.554,0.359,0.26,0.174,0.094,0.093,0.092,0.093,0.095
